,Index,Node,Nbr_Node,Nbr_Count,Hello_Cnt,AODV_Msg_Nbr_Cnt,RREQs_Sent_To_Nbr,RREQs_From_Nbr,Nbr_Is_Orig_Cnt,Nbr_Never_Orig,Nbr_Is_Dest_Cnt,Nbr_Never_Dest,All_RREPs_Rcvd_This_Node,RREPs_From_Nbr,RREP_Resp_Pct,Pct_Of_All_RREPs,Hop_Cnt_Over_1_Cnt,Hop_Cnt_Over_1_Pct,High_Dest_Seq_Num_Inc_Cnt,High_Dest_Seq_Num_Inc_Pct,Avg_Resp_Dly,Avg_Resp_Dly_Per_Hop,RERRs_From_Nbr,RERRs_From_Nbr_Pct,Pct_of_All_Nbrs,RREP_To_Nbrs_Ratio,Black_Hole_Node,prediction_label,prediction_score
0,1,10.1.1.40,10.1.1.37,37.0,12.0,46.0,261.0,37.0,1.0,False,0,True,733.0,5.0,1.92,0.68,5.0,100.0,0.0,0.0,4.7432246,0.45854732,4.0,80.0,2.7,0.25185186,0,0,0.9993
1,2,10.1.1.40,10.1.1.3,37.0,19.0,0.0,261.0,0.0,0.0,True,0,True,733.0,0.0,0.0,0.0,0.0,,0.0,,,,0.0,,2.7,0.0,0,1,0.52
2,3,10.1.1.40,10.1.1.5,37.0,41.0,34.0,261.0,18.0,0.0,True,0,True,733.0,14.0,5.36,1.91,14.0,100.0,0.0,0.0,3.98643,0.61993015,2.0,14.29,2.7,0.7074074,0,0,0.9955
3,4,10.1.1.40,10.1.1.12,37.0,62.0,171.0,261.0,138.0,34.0,False,0,True,733.0,18.0,6.9,2.46,17.0,94.44,0.0,0.0,3.6059546,0.58884543,15.0,83.33,2.7,0.9111111,0,0,0.6441
4,5,10.1.1.40,10.1.1.41,37.0,133.0,433.0,261.0,239.0,1.0,False,0,True,733.0,112.0,42.91,15.28,89.0,79.46,0.0,0.0,2.6204956,0.41211247,82.0,73.21,2.7,5.6592593,0,0,0.9968
5,6,10.1.1.40,10.1.1.50,37.0,41.0,72.0,261.0,38.0,0.0,True,0,True,733.0,22.0,8.43,3.0,22.0,100.0,0.0,0.0,3.517327,0.46814725,12.0,54.55,2.7,1.1111112,0,0,0.9993
6,7,10.1.1.40,10.1.1.34,37.0,9.0,44.0,261.0,33.0,0.0,True,0,True,733.0,5.0,1.92,0.68,5.0,100.0,0.0,0.0,2.6558528,0.39456806,6.0,120.0,2.7,0.25185186,0,0,0.9995
7,8,10.1.1.40,10.1.1.47,37.0,7.0,0.0,261.0,0.0,0.0,True,0,True,733.0,0.0,0.0,0.0,0.0,,0.0,,,,0.0,,2.7,0.0,0,0,0.9998
8,9,10.1.1.40,10.1.1.2,37.0,18.0,120.0,261.0,59.0,2.0,False,0,True,733.0,38.0,14.56,5.18,25.0,65.79,0.0,0.0,1.7648268,0.3628622,23.0,60.53,2.7,1.9185185,0,0,0.9995
9,10,10.1.1.40,10.1.1.45,37.0,26.0,265.0,261.0,0.0,0.0,True,0,True,733.0,261.0,100.0,35.607094,0.0,0.0,261.0,100.0,3.2365828,0.5823648,0.0,0.0,2.7,13.187813,1,0,0.962
10,11,10.1.1.40,10.1.1.1,37.0,9.0,0.0,261.0,0.0,0.0,True,0,True,733.0,0.0,0.0,0.0,0.0,,0.0,,,,0.0,,2.7,0.0,0,0,0.9998
11,12,10.1.1.40,10.1.1.31,37.0,13.0,0.0,261.0,0.0,0.0,True,0,True,733.0,0.0,0.0,0.0,0.0,,0.0,,,,0.0,,2.7,0.0,0,0,0.9998
12,13,10.1.1.40,10.1.1.27,37.0,9.0,106.0,261.0,51.0,0.0,True,0,True,733.0,23.0,8.81,3.14,20.0,86.96,0.0,0.0,2.5083835,0.3403113,32.0,139.13,2.7,1.1629629,0,0,0.9996
13,14,10.1.1.40,10.1.1.20,37.0,8.0,0.0,261.0,0.0,0.0,True,0,True,733.0,0.0,0.0,0.0,0.0,,0.0,,,,0.0,,2.7,0.0,0,0,0.9998
14,15,10.1.1.40,10.1.1.30,37.0,9.0,0.0,261.0,0.0,0.0,True,0,True,733.0,0.0,0.0,0.0,0.0,,0.0,,,,0.0,,2.7,0.0,0,0,0.9998
15,16,10.1.1.40,10.1.1.48,37.0,18.0,20.0,261.0,3.0,0.0,True,0,True,733.0,9.0,3.45,1.23,9.0,100.0,0.0,0.0,3.4304502,0.5718,8.0,88.89,2.7,0.45555556,0,0,0.9995
16,17,10.1.1.40,10.1.1.4,37.0,10.0,15.0,261.0,8.0,0.0,True,0,True,733.0,4.0,1.53,0.55,4.0,100.0,0.0,0.0,0.5765057,0.088126875,3.0,75.0,2.7,0.2037037,0,0,0.5512
17,18,10.1.1.40,10.1.1.24,37.0,24.0,138.0,261.0,69.0,1.0,False,0,True,733.0,34.0,13.03,4.64,31.0,91.18,0.0,0.0,2.7073257,0.40399218,35.0,102.94,2.7,1.7185185,0,0,0.9996
18,19,10.1.1.40,10.1.1.19,37.0,30.0,110.0,261.0,71.0,15.0,False,0,True,733.0,12.0,4.6,1.64,10.0,83.33,0.0,0.0,3.0487587,0.5787122,27.0,225.0,2.7,0.6074074,0,0,0.9994
19,20,10.1.1.40,10.1.1.23,37.0,6.0,0.0,261.0,0.0,0.0,True,0,True,733.0,0.0,0.0,0.0,0.0,,0.0,,,,0.0,,2.7,0.0,0,0,0.9998
20,21,10.1.1.40,10.1.1.13,37.0,46.0,128.0,261.0,99.0,24.0,False,0,True,733.0,12.0,4.6,1.64,8.0,66.67,0.0,0.0,1.3104455,0.30563045,17.0,141.67,2.7,0.6074074,0,0,0.9988
21,22,10.1.1.40,10.1.1.11,37.0,46.0,140.0,261.0,67.0,13.0,False,0,True,733.0,47.0,18.01,6.41,46.0,97.87,0.0,0.0,4.4724483,0.7366532,26.0,55.32,2.7,2.374074,0,0,0.9985
22,23,10.1.1.40,10.1.1.15,37.0,41.0,199.0,261.0,154.0,31.0,False,0,True,733.0,22.0,8.43,3.0,18.0,81.82,0.0,0.0,2.139695,0.40713322,23.0,104.55,2.7,1.1111112,0,0,0.9994
23,24,10.1.1.40,10.1.1.44,37.0,11.0,0.0,261.0,0.0,0.0,True,0,True,733.0,0.0,0.0,0.0,0.0,,0.0,,,,0.0,,2.7,0.0,0,0,0.9998
24,25,10.1.1.40,10.1.1.36,37.0,5.0,0.0,261.0,0.0,0.0,True,0,True,733.0,0.0,0.0,0.0,0.0,,0.0,,,,0.0,,2.7,0.0,0,0,0.9998
25,26,10.1.1.40,10.1.1.28,37.0,4.0,25.0,261.0,23.0,0.0,True,0,True,733.0,1.0,0.38,0.14,1.0,100.0,0.0,0.0,5.246532,0.582948,1.0,100.0,2.7,0.051851854,0,0,0.9989
26,27,10.1.1.40,10.1.1.7,37.0,6.0,115.0,261.0,56.0,0.0,True,0,True,733.0,41.0,15.71,5.59,31.0,75.61,0.0,0.0,2.799651,0.61629915,18.0,43.9,2.7,2.0703704,0,0,0.9996
27,28,10.1.1.40,10.1.1.21,37.0,21.0,256.0,261.0,118.0,1.0,False,0,True,733.0,81.0,31.03,11.05,76.0,93.83,0.0,0.0,3.6804004,0.69794166,57.0,70.37,2.7,4.0925927,0,0,0.9992
28,29,10.1.1.40,10.1.1.49,37.0,14.0,149.0,261.0,0.0,0.0,True,0,True,733.0,261.0,100.0,35.607094,0.0,0.0,261.0,100.0,2.8065207,0.61491877,0.0,0.0,2.7,13.187813,1,0,0.9722
29,30,10.1.1.40,10.1.1.16,37.0,9.0,127.0,261.0,81.0,25.0,False,0,True,733.0,18.0,6.9,2.46,18.0,100.0,0.0,0.0,1.3310826,0.21972808,28.0,155.56,2.7,0.9111111,0,0,0.9977
30,31,10.1.1.40,10.1.1.29,37.0,9.0,103.0,261.0,49.0,0.0,True,0,True,733.0,19.0,7.28,2.59,15.0,78.95,0.0,0.0,1.9693289,0.4136249,35.0,184.21,2.7,0.9592593,0,0,0.9995
31,32,10.1.1.40,10.1.1.10,37.0,15.0,108.0,261.0,38.0,0.0,True,0,True,733.0,22.0,8.43,3.0,21.0,95.45,0.0,0.0,2.7698412,0.4226094,48.0,218.18,2.7,1.1111112,0,0,0.9992
32,33,10.1.1.40,10.1.1.17,37.0,5.0,55.0,261.0,21.0,2.0,False,0,True,733.0,16.0,6.13,2.18,14.0,87.5,0.0,0.0,2.83353,0.43112725,18.0,112.5,2.7,0.8074074,0,0,0.9997
33,34,10.1.1.40,10.1.1.9,37.0,10.0,67.0,261.0,25.0,0.0,True,0,True,733.0,18.0,6.9,2.46,12.0,66.67,0.0,0.0,1.2071593,0.1224359,24.0,133.33,2.7,0.9111111,0,0,0.9994
34,35,10.1.1.40,10.1.1.25,37.0,13.0,43.0,261.0,25.0,0.0,True,0,True,733.0,10.0,3.83,1.36,7.0,70.0,0.0,0.0,2.0819895,0.3200588,8.0,80.0,2.7,0.5037037,0,0,0.9998
35,36,10.1.1.40,10.1.1.46,37.0,4.0,13.0,261.0,13.0,0.0,True,0,True,733.0,0.0,0.0,0.0,0.0,,0.0,,,,0.0,,2.7,0.0,0,0,0.9998
36,37,10.1.1.40,10.1.1.32,37.0,8.0,32.0,261.0,14.0,0.0,True,0,True,733.0,5.0,1.92,0.68,5.0,100.0,0.0,0.0,2.3807647,0.34014377,13.0,260.0,2.7,0.25185186,0,0,0.9991
37,38,10.1.1.41,10.1.1.42,24.0,160.0,128.0,111.0,102.0,1.0,False,0,True,139.0,15.0,13.51,10.79,11.0,73.33,0.0,0.0,0.3614504,0.10079825,11.0,73.33,4.17,2.58753,0,0,0.9852
38,39,10.1.1.41,10.1.1.17,24.0,42.0,0.0,111.0,0.0,0.0,True,0,True,139.0,0.0,0.0,0.0,0.0,,0.0,,,,0.0,,4.17,0.0,0,0,0.999
39,40,10.1.1.41,10.1.1.49,24.0,8.0,0.0,111.0,0.0,0.0,True,0,True,139.0,111.0,100.0,79.85612,0.0,0.0,111.0,100.0,,,0.0,0.0,4.17,19.150148,1,0,0.9595
40,41,10.1.1.41,10.1.1.40,24.0,49.0,0.0,111.0,0.0,0.0,True,0,True,139.0,0.0,0.0,0.0,0.0,,0.0,,,,0.0,,4.17,0.0,0,0,0.9988
41,42,10.1.1.41,10.1.1.33,24.0,21.0,40.0,111.0,22.0,0.0,True,0,True,139.0,0.0,0.0,0.0,0.0,,0.0,,,,18.0,,4.17,0.0,0,0,0.9993
42,43,10.1.1.41,10.1.1.32,24.0,27.0,28.0,111.0,18.0,0.0,True,0,True,139.0,7.0,6.31,5.04,3.0,42.86,0.0,0.0,0.40055144,0.14576115,3.0,42.86,4.17,1.2086331,0,0,0.9958
43,44,10.1.1.41,10.1.1.36,24.0,11.0,0.0,111.0,0.0,0.0,True,0,True,139.0,0.0,0.0,0.0,0.0,,0.0,,,,0.0,,4.17,0.0,0,0,0.9992
44,45,10.1.1.41,10.1.1.35,24.0,32.0,0.0,111.0,0.0,0.0,True,0,True,139.0,0.0,0.0,0.0,0.0,,0.0,,,,0.0,,4.17,0.0,0,0,0.9991
45,46,10.1.1.41,10.1.1.34,24.0,27.0,0.0,111.0,0.0,0.0,True,0,True,139.0,0.0,0.0,0.0,0.0,,0.0,,,,0.0,,4.17,0.0,0,0,0.9992
46,47,10.1.1.41,10.1.1.37,24.0,33.0,0.0,111.0,0.0,0.0,True,0,True,139.0,0.0,0.0,0.0,0.0,,0.0,,,,0.0,,4.17,0.0,0,0,0.9991
47,48,10.1.1.41,10.1.1.27,24.0,21.0,19.0,111.0,15.0,0.0,True,0,True,139.0,1.0,0.9,0.72,1.0,100.0,0.0,0.0,0.017664,0.005888,3.0,300.0,4.17,0.17266187,0,0,0.9929
48,49,10.1.1.41,10.1.1.25,24.0,32.0,0.0,111.0,0.0,0.0,True,0,True,139.0,0.0,0.0,0.0,0.0,,0.0,,,,0.0,,4.17,0.0,0,0,0.9991
49,50,10.1.1.41,10.1.1.2,24.0,41.0,7.0,111.0,7.0,0.0,True,0,True,139.0,0.0,0.0,0.0,0.0,,0.0,,,,0.0,,4.17,0.0,0,0,0.9991
50,51,10.1.1.41,10.1.1.14,24.0,48.0,48.0,111.0,43.0,14.0,False,0,True,139.0,2.0,1.8,1.44,2.0,100.0,0.0,0.0,1.6281585,0.5427195,3.0,150.0,4.17,0.34532374,0,0,0.9956
51,52,10.1.1.41,10.1.1.26,24.0,42.0,121.0,111.0,55.0,1.0,False,0,True,139.0,21.0,18.92,15.11,21.0,100.0,0.0,0.0,2.4565403,0.36418617,45.0,214.29,4.17,3.6235013,0,0,0.9955
52,53,10.1.1.41,10.1.1.20,24.0,16.0,30.0,111.0,30.0,15.0,False,0,True,139.0,0.0,0.0,0.0,0.0,,0.0,,,,0.0,,4.17,0.0,0,0,0.9994
53,54,10.1.1.41,10.1.1.18,24.0,38.0,114.0,111.0,55.0,16.0,False,0,True,139.0,34.0,30.63,24.46,30.0,88.24,0.0,0.0,2.963268,0.5240899,25.0,73.53,4.17,5.8657074,0,0,0.9979
54,55,10.1.1.41,10.1.1.31,24.0,19.0,55.0,111.0,29.0,1.0,False,0,True,139.0,16.0,14.41,11.51,10.0,62.5,0.0,0.0,1.7235608,0.33718544,10.0,62.5,4.17,2.760192,0,0,0.9987
55,56,10.1.1.41,10.1.1.8,24.0,13.0,25.0,111.0,14.0,0.0,True,0,True,139.0,7.0,6.31,5.04,2.0,28.57,0.0,0.0,0.65084416,0.15563704,4.0,57.14,4.17,1.2086331,0,0,0.9961
56,57,10.1.1.41,10.1.1.22,24.0,13.0,73.0,111.0,30.0,0.0,True,0,True,139.0,17.0,15.32,12.23,15.0,88.24,0.0,0.0,2.1892169,0.25921723,26.0,152.94,4.17,2.9328537,0,0,0.9983
57,58,10.1.1.41,10.1.1.5,24.0,7.0,16.0,111.0,5.0,0.0,True,0,True,139.0,10.0,9.01,7.19,9.0,90.0,0.0,0.0,2.4331253,0.86144227,1.0,10.0,4.17,1.7242206,0,0,0.9882
58,59,10.1.1.41,10.1.1.30,24.0,0.0,4.0,111.0,2.0,0.0,True,0,True,139.0,1.0,0.9,0.72,1.0,100.0,0.0,0.0,1.741506,0.4353765,1.0,100.0,4.17,0.17266187,0,0,0.9956
59,60,10.1.1.41,10.1.1.1,24.0,7.0,7.0,111.0,5.0,0.0,True,0,True,139.0,1.0,0.9,0.72,0.0,0.0,0.0,0.0,1.004623,0.5023115,1.0,100.0,4.17,0.17266187,0,0,0.9961
60,61,10.1.1.41,10.1.1.3,24.0,4.0,19.0,111.0,9.0,0.0,True,0,True,139.0,7.0,6.31,5.04,0.0,0.0,0.0,0.0,1.3300627,0.66511035,3.0,42.86,4.17,1.2086331,0,1,0.6996
61,62,10.1.1.42,10.1.1.9,43.0,12.0,152.0,203.0,40.0,4.0,False,0,True,913.0,80.0,39.41,8.76,73.0,91.25,0.0,0.0,3.836004,0.8759121,32.0,40.0,2.33,3.7596567,0,0,0.9994
62,63,10.1.1.42,10.1.1.8,43.0,21.0,39.0,203.0,19.0,4.0,False,0,True,913.0,11.0,5.42,1.2,5.0,45.45,0.0,0.0,1.1427512,0.642964,9.0,81.82,2.33,0.51502144,0,0,0.9995
63,64,10.1.1.42,10.1.1.14,43.0,13.0,23.0,203.0,9.0,5.0,False,0,True,913.0,11.0,5.42,1.2,11.0,100.0,0.0,0.0,1.3624786,0.35121807,3.0,27.27,2.33,0.51502144,0,0,0.998
64,65,10.1.1.42,10.1.1.39,43.0,11.0,0.0,203.0,0.0,0.0,True,0,True,913.0,0.0,0.0,0.0,0.0,,0.0,,,,0.0,,2.33,0.0,0,0,0.9999
65,66,10.1.1.42,10.1.1.43,43.0,148.0,356.0,203.0,166.0,1.0,False,0,True,913.0,132.0,65.02,14.46,99.0,75.0,0.0,0.0,2.8861709,0.7242048,58.0,43.94,2.33,6.2060084,0,0,0.9964
66,67,10.1.1.42,10.1.1.15,43.0,56.0,0.0,203.0,0.0,0.0,True,0,True,913.0,0.0,0.0,0.0,0.0,,0.0,,,,0.0,,2.33,0.0,0,0,0.9996
67,68,10.1.1.42,10.1.1.7,43.0,28.0,0.0,203.0,0.0,0.0,True,0,True,913.0,0.0,0.0,0.0,0.0,,0.0,,,,0.0,,2.33,0.0,0,0,0.9998
68,69,10.1.1.42,10.1.1.28,43.0,20.0,0.0,203.0,0.0,0.0,True,0,True,913.0,0.0,0.0,0.0,0.0,,0.0,,,,0.0,,2.33,0.0,0,0,0.9999
69,70,10.1.1.42,10.1.1.16,43.0,21.0,0.0,203.0,0.0,0.0,True,0,True,913.0,0.0,0.0,0.0,0.0,,0.0,,,,0.0,,2.33,0.0,0,0,0.9999
70,71,10.1.1.42,10.1.1.29,43.0,11.0,41.0,203.0,13.0,0.0,True,0,True,913.0,18.0,8.87,1.97,18.0,100.0,0.0,0.0,3.488703,0.97883064,10.0,55.56,2.33,0.84549356,0,0,0.9995
71,72,10.1.1.42,10.1.1.6,43.0,10.0,0.0,203.0,0.0,0.0,True,0,True,913.0,0.0,0.0,0.0,0.0,,0.0,,,,0.0,,2.33,0.0,0,0,0.9998
72,73,10.1.1.42,10.1.1.46,43.0,13.0,5.0,203.0,4.0,0.0,True,0,True,913.0,0.0,0.0,0.0,0.0,,0.0,,,,1.0,,2.33,0.0,0,0,0.9999
73,74,10.1.1.42,10.1.1.35,43.0,8.0,0.0,203.0,0.0,0.0,True,0,True,913.0,0.0,0.0,0.0,0.0,,0.0,,,,0.0,,2.33,0.0,0,0,0.9998
74,75,10.1.1.42,10.1.1.36,43.0,16.0,0.0,203.0,0.0,0.0,True,0,True,913.0,0.0,0.0,0.0,0.0,,0.0,,,,0.0,,2.33,0.0,0,0,0.9999
75,76,10.1.1.42,10.1.1.38,43.0,19.0,24.0,203.0,16.0,0.0,True,0,True,913.0,6.0,2.96,0.66,6.0,100.0,0.0,0.0,4.7752004,0.52266544,2.0,33.33,2.33,0.2832618,0,0,0.9991
76,77,10.1.1.42,10.1.1.25,43.0,15.0,34.0,203.0,17.0,0.0,True,0,True,913.0,12.0,5.91,1.31,6.0,50.0,0.0,0.0,2.1956391,0.62042886,5.0,41.67,2.33,0.5622318,0,0,0.9997
77,78,10.1.1.42,10.1.1.34,43.0,6.0,85.0,203.0,25.0,1.0,False,0,True,913.0,41.0,20.2,4.49,40.0,97.56,0.0,0.0,2.944498,0.6910025,19.0,46.34,2.33,1.9270387,0,0,0.9995
78,79,10.1.1.42,10.1.1.5,43.0,27.0,54.0,203.0,19.0,2.0,False,0,True,913.0,25.0,12.32,2.74,17.0,68.0,0.0,0.0,1.6695026,0.75556,10.0,40.0,2.33,1.1759657,0,0,0.9996
79,80,10.1.1.42,10.1.1.44,43.0,37.0,0.0,203.0,0.0,0.0,True,0,True,913.0,0.0,0.0,0.0,0.0,,0.0,,,,0.0,,2.33,0.0,0,0,0.9998
80,81,10.1.1.42,10.1.1.37,43.0,17.0,136.0,203.0,42.0,0.0,True,0,True,913.0,52.0,25.62,5.7,50.0,96.15,0.0,0.0,3.6384487,0.6882655,42.0,80.77,2.33,2.446352,0,0,0.9995
81,82,10.1.1.42,10.1.1.2,43.0,8.0,1.0,203.0,1.0,0.0,True,0,True,913.0,0.0,0.0,0.0,0.0,,0.0,,,,0.0,,2.33,0.0,0,0,0.9998
82,83,10.1.1.42,10.1.1.47,43.0,23.0,170.0,203.0,67.0,1.0,False,0,True,913.0,47.0,23.15,5.15,34.0,72.34,0.0,0.0,3.388977,0.9359107,56.0,119.15,2.33,2.2103004,0,0,0.9996
83,84,10.1.1.42,10.1.1.1,43.0,18.0,14.0,203.0,9.0,0.0,True,0,True,913.0,3.0,1.48,0.33,1.0,33.33,0.0,0.0,0.350953,0.17505062,2.0,66.67,2.33,0.1416309,0,0,0.9991
84,85,10.1.1.42,10.1.1.27,43.0,11.0,32.0,203.0,13.0,0.0,True,0,True,913.0,17.0,8.37,1.86,11.0,64.71,0.0,0.0,3.976946,1.0242485,2.0,11.76,2.33,0.7982833,0,0,0.9958
85,86,10.1.1.42,10.1.1.21,43.0,44.0,0.0,203.0,0.0,0.0,True,0,True,913.0,0.0,0.0,0.0,0.0,,0.0,,,,0.0,,2.33,0.0,0,0,0.9998
86,87,10.1.1.42,10.1.1.3,43.0,40.0,114.0,203.0,48.0,0.0,True,0,True,913.0,42.0,20.69,4.6,24.0,57.14,0.0,0.0,2.296263,0.9047749,24.0,57.14,2.33,1.9742489,0,1,0.6632
87,88,10.1.1.42,10.1.1.45,43.0,41.0,0.0,203.0,0.0,0.0,True,0,True,913.0,203.0,100.0,22.234392,0.0,0.0,203.0,100.0,,,0.0,0.0,2.33,9.542658,1,0,0.974
88,89,10.1.1.42,10.1.1.20,43.0,8.0,0.0,203.0,0.0,0.0,True,0,True,913.0,0.0,0.0,0.0,0.0,,0.0,,,,0.0,,2.33,0.0,0,0,0.9998
89,90,10.1.1.42,10.1.1.31,43.0,18.0,13.0,203.0,6.0,0.0,True,0,True,913.0,5.0,2.46,0.55,3.0,60.0,0.0,0.0,0.6078264,0.18319307,2.0,40.0,2.33,0.2360515,0,0,0.9991
90,91,10.1.1.42,10.1.1.18,43.0,7.0,0.0,203.0,0.0,0.0,True,0,True,913.0,0.0,0.0,0.0,0.0,,0.0,,,,0.0,,2.33,0.0,0,0,0.9998
91,92,10.1.1.42,10.1.1.30,43.0,39.0,210.0,203.0,75.0,1.0,False,0,True,913.0,77.0,37.93,8.43,69.0,89.61,0.0,0.0,3.4210215,0.75410783,58.0,75.32,2.33,3.6180258,0,0,0.9995
92,93,10.1.1.42,10.1.1.4,43.0,15.0,26.0,203.0,15.0,1.0,False,0,True,913.0,8.0,3.94,0.88,4.0,50.0,0.0,0.0,1.4230154,0.49214497,3.0,37.5,2.33,0.37768242,0,1,0.7899
93,94,10.1.1.42,10.1.1.48,43.0,57.0,168.0,203.0,80.0,0.0,True,0,True,913.0,68.0,33.5,7.45,66.0,97.06,0.0,0.0,4.294276,0.9138636,20.0,29.41,2.33,3.197425,0,0,0.9968
94,95,10.1.1.42,10.1.1.19,43.0,11.0,0.0,203.0,0.0,0.0,True,0,True,913.0,0.0,0.0,0.0,0.0,,0.0,,,,0.0,,2.33,0.0,0,0,0.9999
95,96,10.1.1.42,10.1.1.50,43.0,45.0,0.0,203.0,0.0,0.0,True,0,True,913.0,0.0,0.0,0.0,0.0,,0.0,,,,0.0,,2.33,0.0,0,0,0.9998
96,97,10.1.1.42,10.1.1.24,43.0,57.0,40.0,203.0,27.0,0.0,True,0,True,913.0,11.0,5.42,1.2,11.0,100.0,0.0,0.0,4.262828,0.91922814,2.0,18.18,2.33,0.51502144,0,0,0.9948
97,98,10.1.1.42,10.1.1.23,43.0,75.0,326.0,203.0,140.0,0.0,True,0,True,913.0,103.0,50.74,11.28,94.0,91.26,0.0,0.0,3.2911127,0.80076605,83.0,80.58,2.33,4.841202,0,0,0.9972
98,99,10.1.1.42,10.1.1.12,43.0,18.0,0.0,203.0,0.0,0.0,True,0,True,913.0,0.0,0.0,0.0,0.0,,0.0,,,,0.0,,2.33,0.0,0,1,0.5561
99,100,10.1.1.42,10.1.1.33,43.0,54.0,200.0,203.0,70.0,1.0,False,0,True,913.0,94.0,46.31,10.3,82.0,87.23,0.0,0.0,3.479091,0.8800154,36.0,38.3,2.33,4.420601,0,0,0.9988
100,101,10.1.1.42,10.1.1.49,43.0,20.0,9.0,203.0,0.0,0.0,True,0,True,913.0,203.0,100.0,22.234392,0.0,0.0,203.0,100.0,,,0.0,0.0,2.33,9.542658,1,0,0.9828
101,102,10.1.1.42,10.1.1.10,43.0,4.0,54.0,203.0,26.0,0.0,True,0,True,913.0,25.0,12.32,2.74,20.0,80.0,0.0,0.0,2.9770977,0.57675004,3.0,12.0,2.33,1.1759657,0,0,0.9971
102,103,10.1.1.42,10.1.1.32,43.0,1.0,54.0,203.0,14.0,1.0,False,0,True,913.0,23.0,11.33,2.52,21.0,91.3,0.0,0.0,4.179756,1.1635958,17.0,73.91,2.33,1.0815451,0,0,0.9996
103,104,10.1.1.42,10.1.1.26,43.0,7.0,15.0,203.0,10.0,0.0,True,0,True,913.0,2.0,0.99,0.22,1.0,50.0,0.0,0.0,0.5170045,0.17321941,3.0,150.0,2.33,0.094420604,0,0,0.9992
104,105,10.1.1.43,10.1.1.29,42.0,9.0,17.0,214.0,8.0,0.0,True,0,True,106.0,6.0,2.8,5.66,4.0,66.67,0.0,0.0,2.268161,0.21397513,3.0,50.0,2.38,2.3781512,0,0,0.9996
105,106,10.1.1.43,10.1.1.44,42.0,145.0,262.0,214.0,200.0,0.0,True,0,True,106.0,26.0,12.15,24.53,14.0,53.85,0.0,0.0,1.9596335,0.5636891,36.0,138.46,2.38,10.306723,0,0,0.9945
106,107,10.1.1.43,10.1.1.46,42.0,7.0,1.0,214.0,1.0,0.0,True,0,True,106.0,0.0,0.0,0.0,0.0,,0.0,,,,0.0,,2.38,0.0,0,0,0.9997
107,108,10.1.1.43,10.1.1.26,42.0,13.0,0.0,214.0,0.0,0.0,True,0,True,106.0,0.0,0.0,0.0,0.0,,0.0,,,,0.0,,2.38,0.0,0,0,0.9997
108,109,10.1.1.43,10.1.1.38,42.0,15.0,0.0,214.0,0.0,0.0,True,0,True,106.0,0.0,0.0,0.0,0.0,,0.0,,,,0.0,,2.38,0.0,0,0,0.9997
109,110,10.1.1.43,10.1.1.36,42.0,84.0,132.0,214.0,132.0,0.0,True,0,True,106.0,0.0,0.0,0.0,0.0,,0.0,,,,0.0,,2.38,0.0,0,0,0.9977
110,111,10.1.1.43,10.1.1.28,42.0,24.0,0.0,214.0,0.0,0.0,True,0,True,106.0,0.0,0.0,0.0,0.0,,0.0,,,,0.0,,2.38,0.0,0,0,0.9997
111,112,10.1.1.43,10.1.1.5,42.0,26.0,0.0,214.0,0.0,0.0,True,0,True,106.0,0.0,0.0,0.0,0.0,,0.0,,,,0.0,,2.38,0.0,0,0,0.9997
112,113,10.1.1.43,10.1.1.47,42.0,32.0,0.0,214.0,0.0,0.0,True,0,True,106.0,0.0,0.0,0.0,0.0,,0.0,,,,0.0,,2.38,0.0,0,0,0.9997
113,114,10.1.1.43,10.1.1.34,42.0,12.0,70.0,214.0,63.0,0.0,True,0,True,106.0,2.0,0.93,1.89,2.0,100.0,0.0,0.0,1.4842775,0.15461455,5.0,250.0,2.38,0.7941176,0,0,0.9977
114,115,10.1.1.43,10.1.1.43,42.0,34.0,0.0,214.0,0.0,0.0,True,0,True,106.0,0.0,0.0,0.0,0.0,,0.0,,,,0.0,,2.38,0.0,0,0,0.9997
115,116,10.1.1.43,10.1.1.37,42.0,12.0,21.0,214.0,21.0,0.0,True,0,True,106.0,0.0,0.0,0.0,0.0,,0.0,,,,0.0,,2.38,0.0,0,0,0.9998
116,117,10.1.1.43,10.1.1.15,42.0,23.0,0.0,214.0,0.0,0.0,True,0,True,106.0,0.0,0.0,0.0,0.0,,0.0,,,,0.0,,2.38,0.0,0,0,0.9997
117,118,10.1.1.43,10.1.1.2,42.0,9.0,9.0,214.0,6.0,0.0,True,0,True,106.0,2.0,0.93,1.89,0.0,0.0,0.0,0.0,2.8807044,2.8807044,1.0,50.0,2.38,0.7941176,0,0,0.9979
118,119,10.1.1.43,10.1.1.1,42.0,11.0,0.0,214.0,0.0,0.0,True,0,True,106.0,0.0,0.0,0.0,0.0,,0.0,,,,0.0,,2.38,0.0,0,0,0.9997
119,120,10.1.1.43,10.1.1.21,42.0,21.0,8.0,214.0,4.0,0.0,True,0,True,106.0,1.0,0.47,0.94,1.0,100.0,0.0,0.0,4.25573,0.70928836,3.0,300.0,2.38,0.394958,0,0,0.9975
120,121,10.1.1.43,10.1.1.11,42.0,36.0,63.0,214.0,43.0,0.0,True,0,True,106.0,3.0,1.4,2.83,2.0,66.67,0.0,0.0,1.240049,0.10440761,17.0,566.67,2.38,1.1890756,0,0,0.9987
121,122,10.1.1.43,10.1.1.27,42.0,14.0,55.0,214.0,55.0,0.0,True,0,True,106.0,0.0,0.0,0.0,0.0,,0.0,,,,0.0,,2.38,0.0,0,0,0.9998
122,123,10.1.1.43,10.1.1.3,42.0,41.0,0.0,214.0,0.0,0.0,True,0,True,106.0,0.0,0.0,0.0,0.0,,0.0,,,,0.0,,2.38,0.0,0,0,0.5119
123,124,10.1.1.43,10.1.1.45,42.0,45.0,92.0,214.0,0.0,0.0,True,0,True,106.0,214.0,100.0,100.0,0.0,0.0,214.0,100.0,0.936658,0.46837983,0.0,0.0,2.38,42.016808,1,0,0.9767
124,125,10.1.1.43,10.1.1.18,42.0,27.0,0.0,214.0,0.0,0.0,True,0,True,106.0,0.0,0.0,0.0,0.0,,0.0,,,,0.0,,2.38,0.0,0,0,0.9997
125,126,10.1.1.43,10.1.1.31,42.0,33.0,0.0,214.0,0.0,0.0,True,0,True,106.0,0.0,0.0,0.0,0.0,,0.0,,,,0.0,,2.38,0.0,0,0,0.9997
126,127,10.1.1.43,10.1.1.20,42.0,29.0,0.0,214.0,0.0,0.0,True,0,True,106.0,0.0,0.0,0.0,0.0,,0.0,,,,0.0,,2.38,0.0,0,0,0.9997
127,128,10.1.1.43,10.1.1.30,42.0,47.0,0.0,214.0,0.0,0.0,True,0,True,106.0,0.0,0.0,0.0,0.0,,0.0,,,,0.0,,2.38,0.0,0,0,0.9996
128,129,10.1.1.43,10.1.1.8,42.0,21.0,0.0,214.0,0.0,0.0,True,0,True,106.0,0.0,0.0,0.0,0.0,,0.0,,,,0.0,,2.38,0.0,0,0,0.9997
129,130,10.1.1.43,10.1.1.33,42.0,18.0,0.0,214.0,0.0,0.0,True,0,True,106.0,0.0,0.0,0.0,0.0,,0.0,,,,0.0,,2.38,0.0,0,0,0.9997
130,131,10.1.1.43,10.1.1.6,42.0,7.0,0.0,214.0,0.0,0.0,True,0,True,106.0,0.0,0.0,0.0,0.0,,0.0,,,,0.0,,2.38,0.0,0,0,0.9997
131,132,10.1.1.43,10.1.1.39,42.0,23.0,0.0,214.0,0.0,0.0,True,0,True,106.0,0.0,0.0,0.0,0.0,,0.0,,,,0.0,,2.38,0.0,0,0,0.9997
132,133,10.1.1.43,10.1.1.49,42.0,28.0,0.0,214.0,0.0,0.0,True,0,True,106.0,214.0,100.0,100.0,0.0,0.0,214.0,100.0,,,0.0,0.0,2.38,42.016808,1,0,0.974
133,134,10.1.1.43,10.1.1.16,42.0,19.0,36.0,214.0,21.0,12.0,False,0,True,106.0,2.0,0.93,1.89,1.0,50.0,0.0,0.0,1.406474,0.46968266,13.0,650.0,2.38,0.7941176,0,0,0.999
134,135,10.1.1.43,10.1.1.32,42.0,24.0,0.0,214.0,0.0,0.0,True,0,True,106.0,0.0,0.0,0.0,0.0,,0.0,,,,0.0,,2.38,0.0,0,0,0.9997
135,136,10.1.1.43,10.1.1.7,42.0,27.0,71.0,214.0,60.0,0.0,True,0,True,106.0,7.0,3.27,6.6,0.0,0.0,0.0,0.0,1.0379951,1.0379951,4.0,57.14,2.38,2.7731092,0,0,0.9972
136,137,10.1.1.43,10.1.1.4,42.0,29.0,41.0,214.0,32.0,0.0,True,0,True,106.0,2.0,0.93,1.89,0.0,0.0,0.0,0.0,0.0136725,0.010383,7.0,350.0,2.38,0.7941176,0,1,0.5836
137,138,10.1.1.43,10.1.1.48,42.0,12.0,0.0,214.0,0.0,0.0,True,0,True,106.0,0.0,0.0,0.0,0.0,,0.0,,,,0.0,,2.38,0.0,0,0,0.9997
138,139,10.1.1.43,10.1.1.50,42.0,8.0,0.0,214.0,0.0,0.0,True,0,True,106.0,0.0,0.0,0.0,0.0,,0.0,,,,0.0,,2.38,0.0,0,0,0.9997
139,140,10.1.1.43,10.1.1.24,42.0,20.0,35.0,214.0,15.0,2.0,False,0,True,106.0,9.0,4.21,8.49,7.0,77.78,0.0,0.0,2.3681831,0.66995394,11.0,122.22,2.38,3.567227,0,0,0.9997
140,141,10.1.1.43,10.1.1.23,42.0,8.0,0.0,214.0,0.0,0.0,True,0,True,106.0,0.0,0.0,0.0,0.0,,0.0,,,,0.0,,2.38,0.0,0,0,0.9997
141,142,10.1.1.43,10.1.1.19,42.0,41.0,89.0,214.0,68.0,17.0,False,0,True,106.0,11.0,5.14,10.38,7.0,63.64,0.0,0.0,0.4492811,0.13326134,10.0,90.91,2.38,4.3613443,0,0,0.9987
142,143,10.1.1.43,10.1.1.12,42.0,26.0,58.0,214.0,38.0,5.0,False,0,True,106.0,7.0,3.27,6.6,2.0,28.57,0.0,0.0,0.8083833,0.27061656,13.0,185.71,2.38,2.7731092,0,1,0.5211
143,144,10.1.1.43,10.1.1.13,42.0,41.0,223.0,214.0,180.0,31.0,False,0,True,106.0,15.0,7.01,14.15,10.0,66.67,1.0,6.67,1.8136289,0.34599212,28.0,186.67,2.38,5.9453783,0,0,0.9986
144,145,10.1.1.43,10.1.1.41,42.0,11.0,0.0,214.0,0.0,0.0,True,0,True,106.0,0.0,0.0,0.0,0.0,,0.0,,,,0.0,,2.38,0.0,0,0,0.9997
145,146,10.1.1.43,10.1.1.17,42.0,16.0,61.0,214.0,34.0,1.0,False,0,True,106.0,10.0,4.67,9.43,2.0,20.0,0.0,0.0,1.7964504,0.75642544,17.0,170.0,2.38,3.962185,0,0,0.999
146,147,10.1.1.44,10.1.1.45,34.0,136.0,414.0,259.0,0.0,0.0,True,0,True,518.0,259.0,100.0,50.0,0.0,0.0,259.0,100.0,3.0766928,0.57502115,0.0,0.0,2.94,17.006804,1,0,0.9068
147,148,10.1.1.44,10.1.1.2,34.0,14.0,16.0,259.0,10.0,0.0,True,0,True,518.0,3.0,1.16,0.58,1.0,33.33,0.0,0.0,3.9060757,2.0859368,3.0,100.0,2.94,0.19727892,0,0,0.9993
148,149,10.1.1.44,10.1.1.3,34.0,39.0,0.0,259.0,0.0,0.0,True,0,True,518.0,0.0,0.0,0.0,0.0,,0.0,,,,0.0,,2.94,0.0,0,0,0.5055
149,150,10.1.1.44,10.1.1.1,34.0,25.0,0.0,259.0,0.0,0.0,True,0,True,518.0,0.0,0.0,0.0,0.0,,0.0,,,,0.0,,2.94,0.0,0,0,0.9998
150,151,10.1.1.44,10.1.1.31,34.0,36.0,0.0,259.0,0.0,0.0,True,0,True,518.0,0.0,0.0,0.0,0.0,,0.0,,,,0.0,,2.94,0.0,0,0,0.9997
151,152,10.1.1.44,10.1.1.12,34.0,23.0,179.0,259.0,142.0,29.0,False,0,True,518.0,22.0,8.49,4.25,21.0,95.45,0.0,0.0,3.7208312,0.5801335,15.0,68.18,2.94,1.4455782,0,0,0.597
152,153,10.1.1.44,10.1.1.50,34.0,59.0,180.0,259.0,111.0,0.0,True,0,True,518.0,48.0,18.53,9.27,46.0,95.83,0.0,0.0,3.0349126,0.54368967,21.0,43.75,2.94,3.1530612,0,0,0.9977
153,154,10.1.1.44,10.1.1.37,34.0,12.0,36.0,259.0,36.0,0.0,True,0,True,518.0,0.0,0.0,0.0,0.0,,0.0,,,,0.0,,2.94,0.0,0,0,0.9998
154,155,10.1.1.44,10.1.1.41,34.0,20.0,192.0,259.0,125.0,1.0,False,0,True,518.0,42.0,16.22,8.11,39.0,92.86,0.0,0.0,3.8716552,0.84870976,25.0,59.52,2.94,2.7585034,0,0,0.9992
155,156,10.1.1.44,10.1.1.27,34.0,17.0,114.0,259.0,47.0,0.0,True,0,True,518.0,42.0,16.22,8.11,38.0,90.48,0.0,0.0,1.7177156,0.40584552,25.0,59.52,2.94,2.7585034,0,0,0.9992
156,157,10.1.1.44,10.1.1.18,34.0,28.0,0.0,259.0,0.0,0.0,True,0,True,518.0,0.0,0.0,0.0,0.0,,0.0,,,,0.0,,2.94,0.0,0,0,0.9998
157,158,10.1.1.44,10.1.1.21,34.0,77.0,181.0,259.0,76.0,0.0,True,0,True,518.0,74.0,28.57,14.29,69.0,93.24,0.0,0.0,4.156927,0.8664732,31.0,41.89,2.94,4.860544,0,0,0.9952
158,159,10.1.1.44,10.1.1.11,34.0,38.0,148.0,259.0,89.0,10.0,False,0,True,518.0,34.0,13.13,6.56,32.0,94.12,0.0,0.0,3.8912494,0.65000767,25.0,73.53,2.94,2.2312925,0,0,0.9992
159,160,10.1.1.44,10.1.1.20,34.0,14.0,0.0,259.0,0.0,0.0,True,0,True,518.0,0.0,0.0,0.0,0.0,,0.0,,,,0.0,,2.94,0.0,0,0,0.9998
160,161,10.1.1.44,10.1.1.30,34.0,55.0,13.0,259.0,13.0,0.0,True,0,True,518.0,0.0,0.0,0.0,0.0,,0.0,,,,0.0,,2.94,0.0,0,0,0.9995
161,162,10.1.1.44,10.1.1.44,34.0,47.0,102.0,259.0,67.0,0.0,True,0,True,518.0,10.0,3.86,1.93,4.0,40.0,0.0,0.0,0.9572411,0.34473452,25.0,250.0,2.94,0.6564626,0,0,0.9974
162,163,10.1.1.44,10.1.1.15,34.0,42.0,187.0,259.0,147.0,28.0,False,0,True,518.0,19.0,7.34,3.67,17.0,89.47,0.0,0.0,2.240303,0.42691296,21.0,110.53,2.94,1.2482994,0,0,0.9993
163,164,10.1.1.44,10.1.1.43,34.0,35.0,0.0,259.0,0.0,0.0,True,0,True,518.0,0.0,0.0,0.0,0.0,,0.0,,,,0.0,,2.94,0.0,0,0,0.9997
164,165,10.1.1.44,10.1.1.19,34.0,51.0,64.0,259.0,41.0,6.0,False,0,True,518.0,6.0,2.32,1.16,3.0,50.0,0.0,0.0,1.9044871,0.39776704,17.0,283.33,2.94,0.39455783,0,0,0.999
165,166,10.1.1.44,10.1.1.4,34.0,30.0,30.0,259.0,23.0,0.0,True,0,True,518.0,0.0,0.0,0.0,0.0,,0.0,,,,7.0,,2.94,0.0,0,1,0.5155
166,167,10.1.1.44,10.1.1.48,34.0,47.0,0.0,259.0,0.0,0.0,True,0,True,518.0,0.0,0.0,0.0,0.0,,0.0,,,,0.0,,2.94,0.0,0,0,0.9996
167,168,10.1.1.44,10.1.1.5,34.0,26.0,63.0,259.0,34.0,0.0,True,0,True,518.0,22.0,8.49,4.25,22.0,100.0,0.0,0.0,3.888448,0.68229765,7.0,31.82,2.94,1.4455782,0,0,0.999
168,169,10.1.1.44,10.1.1.33,34.0,29.0,0.0,259.0,0.0,0.0,True,0,True,518.0,0.0,0.0,0.0,0.0,,0.0,,,,0.0,,2.94,0.0,0,0,0.9998
169,170,10.1.1.44,10.1.1.6,34.0,17.0,0.0,259.0,0.0,0.0,True,0,True,518.0,0.0,0.0,0.0,0.0,,0.0,,,,0.0,,2.94,0.0,0,0,0.9998
170,171,10.1.1.44,10.1.1.24,34.0,34.0,13.0,259.0,12.0,0.0,True,0,True,518.0,1.0,0.39,0.19,1.0,100.0,0.0,0.0,1.43664,0.47888,0.0,0.0,2.94,0.06462585,0,0,0.9892
171,172,10.1.1.44,10.1.1.49,34.0,28.0,89.0,259.0,0.0,0.0,True,0,True,518.0,259.0,100.0,50.0,0.0,0.0,259.0,100.0,2.4102821,0.47435927,0.0,0.0,2.94,17.006804,1,0,0.9781
172,173,10.1.1.44,10.1.1.36,34.0,14.0,13.0,259.0,13.0,0.0,True,0,True,518.0,0.0,0.0,0.0,0.0,,0.0,,,,0.0,,2.94,0.0,0,0,0.9998
173,174,10.1.1.44,10.1.1.23,34.0,10.0,0.0,259.0,0.0,0.0,True,0,True,518.0,0.0,0.0,0.0,0.0,,0.0,,,,0.0,,2.94,0.0,0,0,0.9998
174,175,10.1.1.44,10.1.1.7,34.0,24.0,119.0,259.0,74.0,0.0,True,0,True,518.0,36.0,13.9,6.95,29.0,80.56,0.0,0.0,3.0390453,0.6330762,9.0,25.0,2.94,2.3639455,0,0,0.999
175,176,10.1.1.44,10.1.1.28,34.0,17.0,78.0,259.0,63.0,0.0,True,0,True,518.0,1.0,0.39,0.19,0.0,0.0,0.0,0.0,1.001316,0.500658,14.0,1400.0,2.94,0.06462585,0,0,0.9971
176,177,10.1.1.44,10.1.1.13,34.0,18.0,174.0,259.0,143.0,28.0,False,0,True,518.0,8.0,3.09,1.54,2.0,25.0,1.0,12.5,1.7515669,0.743172,23.0,287.5,2.94,0.52380955,0,0,0.998
177,178,10.1.1.44,10.1.1.34,34.0,18.0,113.0,259.0,97.0,0.0,True,0,True,518.0,6.0,2.32,1.16,6.0,100.0,0.0,0.0,3.2551367,0.5673338,10.0,166.67,2.94,0.39455783,0,0,0.999
178,179,10.1.1.44,10.1.1.17,34.0,13.0,56.0,259.0,31.0,0.0,True,0,True,518.0,10.0,3.86,1.93,3.0,30.0,0.0,0.0,2.3942504,0.8553172,15.0,150.0,2.94,0.6564626,0,0,0.9995
179,180,10.1.1.44,10.1.1.16,34.0,4.0,35.0,259.0,21.0,10.0,False,0,True,518.0,2.0,0.77,0.39,1.0,50.0,0.0,0.0,1.4050825,0.46905667,12.0,600.0,2.94,0.13265306,0,0,0.999
180,181,10.1.1.45,10.1.1.29,45.0,31.0,0.0,193.0,0.0,0.0,True,0,True,666.0,0.0,0.0,0.0,0.0,,0.0,,,,0.0,,2.22,0.0,0,0,0.9998
181,182,10.1.1.45,10.1.1.44,45.0,7.0,3.0,193.0,1.0,0.0,True,0,True,666.0,1.0,0.52,0.15,1.0,100.0,0.0,0.0,3.330945,0.5551575,1.0,100.0,2.22,0.067567565,0,0,0.9994
182,183,10.1.1.45,10.1.1.46,45.0,145.0,277.0,193.0,170.0,5.0,False,0,True,666.0,63.0,32.64,9.46,20.0,31.75,0.0,0.0,1.9708853,0.8542558,44.0,69.84,2.22,4.2612615,0,0,0.9956
183,184,10.1.1.45,10.1.1.26,45.0,34.0,0.0,193.0,0.0,0.0,True,0,True,666.0,0.0,0.0,0.0,0.0,,0.0,,,,0.0,,2.22,0.0,0,0,0.9998
184,185,10.1.1.45,10.1.1.36,45.0,31.0,0.0,193.0,0.0,0.0,True,0,True,666.0,0.0,0.0,0.0,0.0,,0.0,,,,0.0,,2.22,0.0,0,0,0.9998
185,186,10.1.1.45,10.1.1.38,45.0,37.0,86.0,193.0,41.0,0.0,True,0,True,666.0,24.0,12.44,3.6,11.0,45.83,0.0,0.0,1.9501176,0.58710295,21.0,87.5,2.22,1.6216216,0,0,0.9997
186,187,10.1.1.45,10.1.1.18,45.0,13.0,0.0,193.0,0.0,0.0,True,0,True,666.0,0.0,0.0,0.0,0.0,,0.0,,,,0.0,,2.22,0.0,0,0,0.9999
187,188,10.1.1.45,10.1.1.28,45.0,25.0,24.0,193.0,17.0,0.0,True,0,True,666.0,4.0,2.07,0.6,3.0,75.0,0.0,0.0,3.1570096,0.35170585,3.0,75.0,2.22,0.27027026,0,0,0.9998
188,189,10.1.1.45,10.1.1.14,45.0,32.0,0.0,193.0,0.0,0.0,True,0,True,666.0,0.0,0.0,0.0,0.0,,0.0,,,,0.0,,2.22,0.0,0,0,0.9998
189,190,10.1.1.45,10.1.1.16,45.0,20.0,13.0,193.0,10.0,8.0,False,0,True,666.0,0.0,0.0,0.0,0.0,,0.0,,,,3.0,,2.22,0.0,0,0,0.9999
190,191,10.1.1.45,10.1.1.8,45.0,37.0,16.0,193.0,11.0,0.0,True,0,True,666.0,3.0,1.55,0.45,3.0,100.0,0.0,0.0,1.5964843,0.26659128,2.0,66.67,2.22,0.2027027,0,0,0.999
191,192,10.1.1.45,10.1.1.35,45.0,26.0,0.0,193.0,0.0,0.0,True,0,True,666.0,0.0,0.0,0.0,0.0,,0.0,,,,0.0,,2.22,0.0,0,0,0.9998
192,193,10.1.1.45,10.1.1.43,45.0,12.0,6.0,193.0,4.0,1.0,False,0,True,666.0,0.0,0.0,0.0,0.0,,0.0,,,,2.0,,2.22,0.0,0,0,0.9999
193,194,10.1.1.45,10.1.1.15,45.0,15.0,26.0,193.0,18.0,3.0,False,0,True,666.0,5.0,2.59,0.75,4.0,80.0,0.0,0.0,3.8128717,0.38913676,3.0,60.0,2.22,0.33783785,0,0,0.9997
194,195,10.1.1.45,10.1.1.6,45.0,20.0,82.0,193.0,37.0,1.0,False,0,True,666.0,34.0,17.62,5.11,16.0,47.06,0.0,0.0,2.72982,0.8658487,11.0,32.35,2.22,2.301802,0,0,0.9995
195,196,10.1.1.45,10.1.1.7,45.0,14.0,11.0,193.0,5.0,0.0,True,0,True,666.0,0.0,0.0,0.0,0.0,,0.0,,,,6.0,,2.22,0.0,0,0,0.9999
196,197,10.1.1.45,10.1.1.39,45.0,18.0,0.0,193.0,0.0,0.0,True,0,True,666.0,0.0,0.0,0.0,0.0,,0.0,,,,0.0,,2.22,0.0,0,0,0.9999
197,198,10.1.1.45,10.1.1.10,45.0,10.0,0.0,193.0,0.0,0.0,True,0,True,666.0,0.0,0.0,0.0,0.0,,0.0,,,,0.0,,2.22,0.0,0,0,0.9999
198,199,10.1.1.45,10.1.1.33,45.0,17.0,63.0,193.0,22.0,0.0,True,0,True,666.0,24.0,12.44,3.6,18.0,75.0,0.0,0.0,2.9179313,0.9847738,17.0,70.83,2.22,1.6216216,0,0,0.9998
199,200,10.1.1.45,10.1.1.9,45.0,22.0,0.0,193.0,0.0,0.0,True,0,True,666.0,0.0,0.0,0.0,0.0,,0.0,,,,0.0,,2.22,0.0,0,0,0.9999
200,201,10.1.1.45,10.1.1.49,45.0,21.0,36.0,193.0,0.0,0.0,True,0,True,666.0,193.0,100.0,28.97898,0.0,0.0,193.0,100.0,1.30436,0.13180542,0.0,0.0,2.22,13.053595,1,0,0.9874
201,202,10.1.1.45,10.1.1.34,45.0,58.0,18.0,193.0,9.0,0.0,True,0,True,666.0,6.0,3.11,0.9,5.0,83.33,0.0,0.0,2.2093565,0.30564806,3.0,50.0,2.22,0.4054054,0,0,0.9992
202,203,10.1.1.45,10.1.1.32,45.0,24.0,79.0,193.0,18.0,0.0,True,0,True,666.0,17.0,8.81,2.55,16.0,94.12,0.0,0.0,3.693209,0.7980854,44.0,258.82,2.22,1.1486486,0,0,0.9993
203,204,10.1.1.45,10.1.1.22,45.0,46.0,0.0,193.0,0.0,0.0,True,0,True,666.0,0.0,0.0,0.0,0.0,,0.0,,,,0.0,,2.22,0.0,0,0,0.9998
204,205,10.1.1.45,10.1.1.17,45.0,55.0,196.0,193.0,81.0,43.0,False,0,True,666.0,60.0,31.09,9.01,24.0,40.0,0.0,0.0,1.765033,0.6777027,55.0,91.67,2.22,4.0585585,0,0,0.9986
205,206,10.1.1.45,10.1.1.1,45.0,61.0,174.0,193.0,91.0,5.0,False,0,True,666.0,47.0,24.35,7.06,29.0,61.7,0.0,0.0,1.9411051,0.58070594,36.0,76.6,2.22,3.18018,0,0,0.9991
206,207,10.1.1.45,10.1.1.2,45.0,18.0,132.0,193.0,58.0,0.0,True,0,True,666.0,51.0,26.42,7.66,37.0,72.55,0.0,0.0,3.4972816,0.91343135,23.0,45.1,2.22,3.4504504,0,0,0.9996
207,208,10.1.1.45,10.1.1.27,45.0,13.0,11.0,193.0,8.0,0.0,True,0,True,666.0,0.0,0.0,0.0,0.0,,0.0,,,,3.0,,2.22,0.0,0,0,0.9999
208,209,10.1.1.45,10.1.1.25,45.0,49.0,267.0,193.0,113.0,2.0,False,0,True,666.0,71.0,36.79,10.66,42.0,59.15,0.0,0.0,2.8913436,0.79407275,83.0,116.9,2.22,4.8018017,0,0,0.9992
209,210,10.1.1.45,10.1.1.20,45.0,10.0,0.0,193.0,0.0,0.0,True,0,True,666.0,0.0,0.0,0.0,0.0,,0.0,,,,0.0,,2.22,0.0,0,0,0.9999
210,211,10.1.1.45,10.1.1.37,45.0,14.0,40.0,193.0,14.0,1.0,False,0,True,666.0,17.0,8.81,2.55,16.0,94.12,0.0,0.0,2.6048198,0.6776715,9.0,52.94,2.22,1.1486486,0,0,0.9997
211,212,10.1.1.45,10.1.1.31,45.0,12.0,17.0,193.0,9.0,0.0,True,0,True,666.0,3.0,1.55,0.45,3.0,100.0,0.0,0.0,0.027943667,0.005588733,5.0,166.67,2.22,0.2027027,0,0,0.998
212,213,10.1.1.45,10.1.1.4,45.0,17.0,41.0,193.0,21.0,1.0,False,0,True,666.0,15.0,7.77,2.25,9.0,60.0,0.0,0.0,2.5441053,0.82800716,5.0,33.33,2.22,1.0135136,0,1,0.7716
213,214,10.1.1.45,10.1.1.3,45.0,9.0,116.0,193.0,49.0,3.0,False,0,True,666.0,51.0,26.42,7.66,19.0,37.25,0.0,0.0,1.626332,0.61210006,16.0,31.37,2.22,3.4504504,0,1,0.848
214,215,10.1.1.45,10.1.1.47,45.0,11.0,120.0,193.0,53.0,0.0,True,0,True,666.0,45.0,23.32,6.76,22.0,48.89,0.0,0.0,2.2699506,0.88390565,22.0,48.89,2.22,3.0450451,0,0,0.9997
215,216,10.1.1.45,10.1.1.30,45.0,5.0,31.0,193.0,18.0,0.0,True,0,True,666.0,2.0,1.04,0.3,1.0,50.0,0.0,0.0,2.751925,0.34568542,11.0,550.0,2.22,0.13513513,0,0,0.9996
216,217,10.1.1.45,10.1.1.5,45.0,5.0,35.0,193.0,15.0,2.0,False,0,True,666.0,15.0,7.77,2.25,7.0,46.67,0.0,0.0,1.2182692,0.44937405,5.0,33.33,2.22,1.0135136,0,0,0.9991
217,218,10.1.1.45,10.1.1.23,45.0,5.0,100.0,193.0,34.0,0.0,True,0,True,666.0,39.0,20.21,5.86,35.0,89.74,0.0,0.0,2.852039,0.74571735,27.0,69.23,2.22,2.6396396,0,0,0.9997
218,219,10.1.1.45,10.1.1.48,45.0,10.0,122.0,193.0,41.0,1.0,False,0,True,666.0,43.0,22.28,6.46,41.0,95.35,0.0,0.0,2.8646672,0.5766238,38.0,88.37,2.22,2.90991,0,0,0.9996
219,220,10.1.1.45,10.1.1.41,45.0,4.0,33.0,193.0,11.0,0.0,True,0,True,666.0,3.0,1.55,0.45,3.0,100.0,0.0,0.0,0.35843667,0.07056383,19.0,633.33,2.22,0.2027027,0,0,0.9973
220,221,10.1.1.45,10.1.1.21,45.0,3.0,19.0,193.0,6.0,0.0,True,0,True,666.0,9.0,4.66,1.35,7.0,77.78,0.0,0.0,2.9323087,0.40028298,4.0,44.44,2.22,0.6081081,0,0,0.9997
221,222,10.1.1.45,10.1.1.50,45.0,4.0,9.0,193.0,8.0,0.0,True,0,True,666.0,0.0,0.0,0.0,0.0,,0.0,,,,1.0,,2.22,0.0,0,0,0.9999
222,223,10.1.1.45,10.1.1.13,45.0,4.0,11.0,193.0,5.0,0.0,True,0,True,666.0,2.0,1.04,0.3,0.0,0.0,0.0,0.0,0.005808,0.002904,4.0,200.0,2.22,0.13513513,0,0,0.9978
223,224,10.1.1.45,10.1.1.24,45.0,4.0,11.0,193.0,3.0,0.0,True,0,True,666.0,6.0,3.11,0.9,4.0,66.67,0.0,0.0,0.5543237,0.09577145,2.0,33.33,2.22,0.4054054,0,0,0.9988
224,225,10.1.1.45,10.1.1.11,45.0,1.0,1.0,193.0,1.0,0.0,True,0,True,666.0,0.0,0.0,0.0,0.0,,0.0,,,,0.0,,2.22,0.0,0,0,0.9998
225,226,10.1.1.46,10.1.1.47,35.0,144.0,337.0,200.0,157.0,1.0,False,0,True,833.0,115.0,57.5,13.81,64.0,55.65,0.0,0.0,2.5952656,0.8123027,65.0,56.52,2.86,4.8286715,0,0,0.9956
226,227,10.1.1.46,10.1.1.5,35.0,31.0,50.0,200.0,21.0,2.0,False,0,True,833.0,22.0,11.0,2.64,14.0,63.64,0.0,0.0,1.3412389,0.52543557,7.0,31.82,2.86,0.9230769,0,0,0.9989
227,228,10.1.1.46,10.1.1.50,35.0,1.0,0.0,200.0,0.0,0.0,True,0,True,833.0,0.0,0.0,0.0,0.0,,0.0,,,,0.0,,2.86,0.0,0,0,0.9997
228,229,10.1.1.46,10.1.1.18,35.0,11.0,0.0,200.0,0.0,0.0,True,0,True,833.0,0.0,0.0,0.0,0.0,,0.0,,,,0.0,,2.86,0.0,0,0,0.9998
229,230,10.1.1.46,10.1.1.41,35.0,4.0,0.0,200.0,0.0,0.0,True,0,True,833.0,0.0,0.0,0.0,0.0,,0.0,,,,0.0,,2.86,0.0,0,0,0.9998
230,231,10.1.1.46,10.1.1.34,35.0,13.0,27.0,200.0,10.0,0.0,True,0,True,833.0,12.0,6.0,1.44,11.0,91.67,0.0,0.0,2.6099253,0.7659615,5.0,41.67,2.86,0.5034965,0,0,0.9996
231,232,10.1.1.46,10.1.1.44,35.0,31.0,0.0,200.0,0.0,0.0,True,0,True,833.0,0.0,0.0,0.0,0.0,,0.0,,,,0.0,,2.86,0.0,0,0,0.9998
232,233,10.1.1.46,10.1.1.2,35.0,18.0,16.0,200.0,12.0,0.0,True,0,True,833.0,0.0,0.0,0.0,0.0,,0.0,,,,4.0,,2.86,0.0,0,0,0.9998
233,234,10.1.1.46,10.1.1.43,35.0,28.0,150.0,200.0,53.0,1.0,False,0,True,833.0,65.0,32.5,7.8,46.0,70.77,0.0,0.0,2.731443,0.7968558,32.0,49.23,2.86,2.7272727,0,0,0.9995
234,235,10.1.1.46,10.1.1.7,35.0,22.0,0.0,200.0,0.0,0.0,True,0,True,833.0,0.0,0.0,0.0,0.0,,0.0,,,,0.0,,2.86,0.0,0,0,0.9998
235,236,10.1.1.46,10.1.1.10,35.0,35.0,0.0,200.0,0.0,0.0,True,0,True,833.0,0.0,0.0,0.0,0.0,,0.0,,,,0.0,,2.86,0.0,0,0,0.9998
236,237,10.1.1.46,10.1.1.28,35.0,37.0,0.0,200.0,0.0,0.0,True,0,True,833.0,0.0,0.0,0.0,0.0,,0.0,,,,0.0,,2.86,0.0,0,0,0.9997
237,238,10.1.1.46,10.1.1.27,35.0,28.0,24.0,200.0,8.0,0.0,True,0,True,833.0,4.0,2.0,0.48,4.0,100.0,0.0,0.0,0.02700775,0.006001396,12.0,300.0,2.86,0.16783217,0,0,0.9965
238,239,10.1.1.46,10.1.1.8,35.0,36.0,34.0,200.0,16.0,4.0,False,0,True,833.0,8.0,4.0,0.96,7.0,87.5,0.0,0.0,1.4689833,0.36144975,10.0,125.0,2.86,0.33566433,0,0,0.9992
239,240,10.1.1.46,10.1.1.33,35.0,28.0,167.0,200.0,52.0,1.0,False,0,True,833.0,78.0,39.0,9.36,65.0,83.33,0.0,0.0,3.5785713,0.92887515,37.0,47.44,2.86,3.2727273,0,0,0.9993
240,241,10.1.1.46,10.1.1.1,35.0,16.0,41.0,200.0,24.0,0.0,True,0,True,833.0,5.0,2.5,0.6,2.0,40.0,0.0,0.0,2.966004,1.0294065,12.0,240.0,2.86,0.20979021,0,0,0.9994
241,242,10.1.1.46,10.1.1.39,35.0,36.0,0.0,200.0,0.0,0.0,True,0,True,833.0,0.0,0.0,0.0,0.0,,0.0,,,,0.0,,2.86,0.0,0,0,0.9998
242,243,10.1.1.46,10.1.1.49,35.0,14.0,0.0,200.0,0.0,0.0,True,0,True,833.0,200.0,100.0,24.009604,0.0,0.0,200.0,100.0,,,0.0,0.0,2.86,8.394966,1,0,0.9751
243,244,10.1.1.46,10.1.1.32,35.0,33.0,83.0,200.0,20.0,1.0,False,0,True,833.0,25.0,12.5,3.0,23.0,92.0,0.0,0.0,4.577536,1.1683514,38.0,152.0,2.86,1.048951,0,0,0.9991
244,245,10.1.1.46,10.1.1.3,35.0,71.0,187.0,200.0,81.0,3.0,False,0,True,833.0,75.0,37.5,9.0,34.0,45.33,0.0,0.0,2.1235633,0.81566066,31.0,41.33,2.86,3.1468532,0,1,0.6066
245,246,10.1.1.46,10.1.1.20,35.0,13.0,0.0,200.0,0.0,0.0,True,0,True,833.0,0.0,0.0,0.0,0.0,,0.0,,,,0.0,,2.86,0.0,0,0,0.9998
246,247,10.1.1.46,10.1.1.36,35.0,13.0,0.0,200.0,0.0,0.0,True,0,True,833.0,0.0,0.0,0.0,0.0,,0.0,,,,0.0,,2.86,0.0,0,0,0.9998
247,248,10.1.1.46,10.1.1.31,35.0,48.0,60.0,200.0,22.0,0.0,True,0,True,833.0,19.0,9.5,2.28,17.0,89.47,0.0,0.0,2.3937309,0.41533473,19.0,100.0,2.86,0.7972028,0,0,0.9996
248,249,10.1.1.46,10.1.1.9,35.0,35.0,169.0,200.0,48.0,5.0,False,0,True,833.0,97.0,48.5,11.64,83.0,85.57,0.0,0.0,3.534384,0.8588216,24.0,24.74,2.86,4.06993,0,0,0.9985
249,250,10.1.1.46,10.1.1.4,35.0,31.0,37.0,200.0,17.0,1.0,False,0,True,833.0,16.0,8.0,1.92,11.0,68.75,0.0,0.0,3.05723,0.9163937,4.0,25.0,2.86,0.67132866,0,1,0.7722
250,251,10.1.1.46,10.1.1.6,35.0,7.0,74.0,200.0,30.0,1.0,False,0,True,833.0,33.0,16.5,3.96,17.0,51.52,0.0,0.0,2.887466,0.8871745,11.0,33.33,2.86,1.3846154,0,0,0.9994
251,252,10.1.1.46,10.1.1.37,35.0,15.0,133.0,200.0,36.0,1.0,False,0,True,833.0,46.0,23.0,5.52,40.0,86.96,0.0,0.0,2.1164787,0.4807306,51.0,110.87,2.86,1.9300699,0,0,0.9996
252,253,10.1.1.46,10.1.1.29,35.0,2.0,28.0,200.0,13.0,0.0,True,0,True,833.0,11.0,5.5,1.32,10.0,90.91,0.0,0.0,2.9524603,0.7365994,4.0,36.36,2.86,0.46153846,0,0,0.9994
253,254,10.1.1.46,10.1.1.17,35.0,4.0,135.0,200.0,49.0,29.0,False,0,True,833.0,46.0,23.0,5.52,18.0,39.13,0.0,0.0,2.2222426,0.84040517,40.0,86.96,2.86,1.9300699,0,0,0.9994
254,255,10.1.1.46,10.1.1.46,35.0,11.0,98.0,200.0,53.0,4.0,False,0,True,833.0,24.0,12.0,2.88,12.0,50.0,0.0,0.0,2.4003782,0.8096896,21.0,87.5,2.86,1.006993,0,0,0.9997
255,256,10.1.1.46,10.1.1.25,35.0,13.0,92.0,200.0,38.0,1.0,False,0,True,833.0,35.0,17.5,4.2,24.0,68.57,0.0,0.0,2.9798431,0.7886722,19.0,54.29,2.86,1.4685315,0,0,0.9996
256,257,10.1.1.46,10.1.1.30,35.0,16.0,83.0,200.0,36.0,0.0,True,0,True,833.0,23.0,11.5,2.76,18.0,78.26,0.0,0.0,2.3537755,0.47931406,24.0,104.35,2.86,0.96503496,0,0,0.9998
257,258,10.1.1.46,10.1.1.23,35.0,25.0,175.0,200.0,71.0,0.0,True,0,True,833.0,57.0,28.5,6.84,49.0,85.96,0.0,0.0,2.6407292,0.7024544,47.0,82.46,2.86,2.3916085,0,0,0.9996
258,259,10.1.1.46,10.1.1.26,35.0,26.0,64.0,200.0,38.0,0.0,True,0,True,833.0,15.0,7.5,1.8,10.0,66.67,0.0,0.0,1.9310795,0.33066526,11.0,73.33,2.86,0.6293706,0,0,0.9997
259,260,10.1.1.46,10.1.1.38,35.0,6.0,14.0,200.0,10.0,0.0,True,0,True,833.0,2.0,1.0,0.24,2.0,100.0,0.0,0.0,3.275154,0.37085146,2.0,100.0,2.86,0.08391608,0,0,0.9994
260,261,10.1.1.47,10.1.1.47,35.0,144.0,337.0,200.0,157.0,1.0,False,0,True,833.0,115.0,57.5,13.81,64.0,55.65,0.0,0.0,2.5952656,0.8123027,65.0,56.52,2.86,4.8286715,0,0,0.9956
261,262,10.1.1.47,10.1.1.5,35.0,31.0,50.0,200.0,21.0,2.0,False,0,True,833.0,22.0,11.0,2.64,14.0,63.64,0.0,0.0,1.3412389,0.52543557,7.0,31.82,2.86,0.9230769,0,0,0.9989
262,263,10.1.1.47,10.1.1.50,35.0,1.0,0.0,200.0,0.0,0.0,True,0,True,833.0,0.0,0.0,0.0,0.0,,0.0,,,,0.0,,2.86,0.0,0,0,0.9997
263,264,10.1.1.47,10.1.1.18,35.0,11.0,0.0,200.0,0.0,0.0,True,0,True,833.0,0.0,0.0,0.0,0.0,,0.0,,,,0.0,,2.86,0.0,0,0,0.9998
264,265,10.1.1.47,10.1.1.41,35.0,4.0,0.0,200.0,0.0,0.0,True,0,True,833.0,0.0,0.0,0.0,0.0,,0.0,,,,0.0,,2.86,0.0,0,0,0.9998
265,266,10.1.1.47,10.1.1.34,35.0,13.0,27.0,200.0,10.0,0.0,True,0,True,833.0,12.0,6.0,1.44,11.0,91.67,0.0,0.0,2.6099253,0.7659615,5.0,41.67,2.86,0.5034965,0,0,0.9996
266,267,10.1.1.47,10.1.1.44,35.0,31.0,0.0,200.0,0.0,0.0,True,0,True,833.0,0.0,0.0,0.0,0.0,,0.0,,,,0.0,,2.86,0.0,0,0,0.9998
267,268,10.1.1.47,10.1.1.2,35.0,18.0,16.0,200.0,12.0,0.0,True,0,True,833.0,0.0,0.0,0.0,0.0,,0.0,,,,4.0,,2.86,0.0,0,0,0.9998
268,269,10.1.1.47,10.1.1.43,35.0,28.0,150.0,200.0,53.0,1.0,False,0,True,833.0,65.0,32.5,7.8,46.0,70.77,0.0,0.0,2.731443,0.7968558,32.0,49.23,2.86,2.7272727,0,0,0.9995
269,270,10.1.1.47,10.1.1.7,35.0,22.0,0.0,200.0,0.0,0.0,True,0,True,833.0,0.0,0.0,0.0,0.0,,0.0,,,,0.0,,2.86,0.0,0,0,0.9998
270,271,10.1.1.47,10.1.1.10,35.0,35.0,0.0,200.0,0.0,0.0,True,0,True,833.0,0.0,0.0,0.0,0.0,,0.0,,,,0.0,,2.86,0.0,0,0,0.9998
271,272,10.1.1.47,10.1.1.28,35.0,37.0,0.0,200.0,0.0,0.0,True,0,True,833.0,0.0,0.0,0.0,0.0,,0.0,,,,0.0,,2.86,0.0,0,0,0.9997
272,273,10.1.1.47,10.1.1.27,35.0,28.0,24.0,200.0,8.0,0.0,True,0,True,833.0,4.0,2.0,0.48,4.0,100.0,0.0,0.0,0.02700775,0.006001396,12.0,300.0,2.86,0.16783217,0,0,0.9965
273,274,10.1.1.47,10.1.1.8,35.0,36.0,34.0,200.0,16.0,4.0,False,0,True,833.0,8.0,4.0,0.96,7.0,87.5,0.0,0.0,1.4689833,0.36144975,10.0,125.0,2.86,0.33566433,0,0,0.9992
274,275,10.1.1.47,10.1.1.33,35.0,28.0,167.0,200.0,52.0,1.0,False,0,True,833.0,78.0,39.0,9.36,65.0,83.33,0.0,0.0,3.5785713,0.92887515,37.0,47.44,2.86,3.2727273,0,0,0.9993
275,276,10.1.1.47,10.1.1.1,35.0,16.0,41.0,200.0,24.0,0.0,True,0,True,833.0,5.0,2.5,0.6,2.0,40.0,0.0,0.0,2.966004,1.0294065,12.0,240.0,2.86,0.20979021,0,0,0.9994
276,277,10.1.1.47,10.1.1.39,35.0,36.0,0.0,200.0,0.0,0.0,True,0,True,833.0,0.0,0.0,0.0,0.0,,0.0,,,,0.0,,2.86,0.0,0,0,0.9998
277,278,10.1.1.47,10.1.1.49,35.0,14.0,0.0,200.0,0.0,0.0,True,0,True,833.0,200.0,100.0,24.009604,0.0,0.0,200.0,100.0,,,0.0,0.0,2.86,8.394966,1,0,0.9751
278,279,10.1.1.47,10.1.1.32,35.0,33.0,83.0,200.0,20.0,1.0,False,0,True,833.0,25.0,12.5,3.0,23.0,92.0,0.0,0.0,4.577536,1.1683514,38.0,152.0,2.86,1.048951,0,0,0.9991
279,280,10.1.1.47,10.1.1.3,35.0,71.0,187.0,200.0,81.0,3.0,False,0,True,833.0,75.0,37.5,9.0,34.0,45.33,0.0,0.0,2.1235633,0.81566066,31.0,41.33,2.86,3.1468532,0,1,0.6066
280,281,10.1.1.47,10.1.1.20,35.0,13.0,0.0,200.0,0.0,0.0,True,0,True,833.0,0.0,0.0,0.0,0.0,,0.0,,,,0.0,,2.86,0.0,0,0,0.9998
281,282,10.1.1.47,10.1.1.36,35.0,13.0,0.0,200.0,0.0,0.0,True,0,True,833.0,0.0,0.0,0.0,0.0,,0.0,,,,0.0,,2.86,0.0,0,0,0.9998
282,283,10.1.1.47,10.1.1.31,35.0,48.0,60.0,200.0,22.0,0.0,True,0,True,833.0,19.0,9.5,2.28,17.0,89.47,0.0,0.0,2.3937309,0.41533473,19.0,100.0,2.86,0.7972028,0,0,0.9996
283,284,10.1.1.47,10.1.1.9,35.0,35.0,169.0,200.0,48.0,5.0,False,0,True,833.0,97.0,48.5,11.64,83.0,85.57,0.0,0.0,3.534384,0.8588216,24.0,24.74,2.86,4.06993,0,0,0.9985
284,285,10.1.1.47,10.1.1.4,35.0,31.0,37.0,200.0,17.0,1.0,False,0,True,833.0,16.0,8.0,1.92,11.0,68.75,0.0,0.0,3.05723,0.9163937,4.0,25.0,2.86,0.67132866,0,1,0.7722
285,286,10.1.1.47,10.1.1.6,35.0,7.0,74.0,200.0,30.0,1.0,False,0,True,833.0,33.0,16.5,3.96,17.0,51.52,0.0,0.0,2.887466,0.8871745,11.0,33.33,2.86,1.3846154,0,0,0.9994
286,287,10.1.1.47,10.1.1.37,35.0,15.0,133.0,200.0,36.0,1.0,False,0,True,833.0,46.0,23.0,5.52,40.0,86.96,0.0,0.0,2.1164787,0.4807306,51.0,110.87,2.86,1.9300699,0,0,0.9996
287,288,10.1.1.47,10.1.1.29,35.0,2.0,28.0,200.0,13.0,0.0,True,0,True,833.0,11.0,5.5,1.32,10.0,90.91,0.0,0.0,2.9524603,0.7365994,4.0,36.36,2.86,0.46153846,0,0,0.9994
288,289,10.1.1.47,10.1.1.17,35.0,4.0,135.0,200.0,49.0,29.0,False,0,True,833.0,46.0,23.0,5.52,18.0,39.13,0.0,0.0,2.2222426,0.84040517,40.0,86.96,2.86,1.9300699,0,0,0.9994
289,290,10.1.1.47,10.1.1.46,35.0,11.0,98.0,200.0,53.0,4.0,False,0,True,833.0,24.0,12.0,2.88,12.0,50.0,0.0,0.0,2.4003782,0.8096896,21.0,87.5,2.86,1.006993,0,0,0.9997
290,291,10.1.1.47,10.1.1.25,35.0,13.0,92.0,200.0,38.0,1.0,False,0,True,833.0,35.0,17.5,4.2,24.0,68.57,0.0,0.0,2.9798431,0.7886722,19.0,54.29,2.86,1.4685315,0,0,0.9996
291,292,10.1.1.47,10.1.1.30,35.0,16.0,83.0,200.0,36.0,0.0,True,0,True,833.0,23.0,11.5,2.76,18.0,78.26,0.0,0.0,2.3537755,0.47931406,24.0,104.35,2.86,0.96503496,0,0,0.9998
292,293,10.1.1.47,10.1.1.23,35.0,25.0,175.0,200.0,71.0,0.0,True,0,True,833.0,57.0,28.5,6.84,49.0,85.96,0.0,0.0,2.6407292,0.7024544,47.0,82.46,2.86,2.3916085,0,0,0.9996
293,294,10.1.1.47,10.1.1.26,35.0,26.0,64.0,200.0,38.0,0.0,True,0,True,833.0,15.0,7.5,1.8,10.0,66.67,0.0,0.0,1.9310795,0.33066526,11.0,73.33,2.86,0.6293706,0,0,0.9997
294,295,10.1.1.47,10.1.1.38,35.0,6.0,14.0,200.0,10.0,0.0,True,0,True,833.0,2.0,1.0,0.24,2.0,100.0,0.0,0.0,3.275154,0.37085146,2.0,100.0,2.86,0.08391608,0,0,0.9994
295,296,10.1.1.48,10.1.1.42,48.0,7.0,0.0,272.0,0.0,0.0,True,0,True,961.0,0.0,0.0,0.0,0.0,,0.0,,,,0.0,,2.08,0.0,0,0,0.9995
296,297,10.1.1.48,10.1.1.17,48.0,20.0,71.0,272.0,27.0,4.0,False,0,True,961.0,19.0,6.99,1.98,14.0,73.68,0.0,0.0,3.1602545,0.58172476,25.0,131.58,2.08,0.9519231,0,0,0.9994
297,298,10.1.1.48,10.1.1.49,48.0,140.0,444.0,272.0,0.0,0.0,True,0,True,961.0,272.0,100.0,28.30385,0.0,0.0,272.0,100.0,2.2326865,0.4563411,0.0,0.0,2.08,13.60762,1,0,0.8926
298,299,10.1.1.48,10.1.1.32,48.0,61.0,0.0,272.0,0.0,0.0,True,0,True,961.0,0.0,0.0,0.0,0.0,,0.0,,,,0.0,,2.08,0.0,0,0,0.9986
299,300,10.1.1.48,10.1.1.33,48.0,52.0,1.0,272.0,1.0,0.0,True,0,True,961.0,0.0,0.0,0.0,0.0,,0.0,,,,0.0,,2.08,0.0,0,0,0.9992
300,301,10.1.1.48,10.1.1.9,48.0,38.0,0.0,272.0,0.0,0.0,True,0,True,961.0,0.0,0.0,0.0,0.0,,0.0,,,,0.0,,2.08,0.0,0,0,0.9994
301,302,10.1.1.48,10.1.1.10,48.0,26.0,47.0,272.0,16.0,0.0,True,0,True,961.0,24.0,8.82,2.5,19.0,79.17,0.0,0.0,3.4136813,0.70742905,7.0,29.17,2.08,1.2019231,0,0,0.9989
302,303,10.1.1.48,10.1.1.7,48.0,30.0,66.0,272.0,38.0,0.0,True,0,True,961.0,18.0,6.62,1.87,7.0,38.89,0.0,0.0,1.7890133,0.6994809,10.0,55.56,2.08,0.89903843,0,0,0.9986
303,304,10.1.1.48,10.1.1.40,48.0,4.0,0.0,272.0,0.0,0.0,True,0,True,961.0,0.0,0.0,0.0,0.0,,0.0,,,,0.0,,2.08,0.0,0,0,0.9995
304,305,10.1.1.48,10.1.1.36,48.0,30.0,0.0,272.0,0.0,0.0,True,0,True,961.0,0.0,0.0,0.0,0.0,,0.0,,,,0.0,,2.08,0.0,0,0,0.9995
305,306,10.1.1.48,10.1.1.35,48.0,10.0,0.0,272.0,0.0,0.0,True,0,True,961.0,0.0,0.0,0.0,0.0,,0.0,,,,0.0,,2.08,0.0,0,0,0.9995
306,307,10.1.1.48,10.1.1.46,48.0,22.0,16.0,272.0,14.0,0.0,True,0,True,961.0,2.0,0.74,0.21,1.0,50.0,0.0,0.0,2.1696446,0.48920047,0.0,0.0,2.08,0.100961536,0,0,0.9908
307,308,10.1.1.48,10.1.1.14,48.0,28.0,0.0,272.0,0.0,0.0,True,0,True,961.0,0.0,0.0,0.0,0.0,,0.0,,,,0.0,,2.08,0.0,0,0,0.9995
308,309,10.1.1.48,10.1.1.29,48.0,33.0,85.0,272.0,35.0,0.0,True,0,True,961.0,20.0,7.35,2.08,14.0,70.0,0.0,0.0,2.2107258,0.5318681,30.0,150.0,2.08,1.0,0,0,0.9993
309,310,10.1.1.48,10.1.1.34,48.0,26.0,151.0,272.0,81.0,2.0,False,0,True,961.0,40.0,14.71,4.16,36.0,90.0,0.0,0.0,4.3191376,0.827701,30.0,75.0,2.08,2.0,0,0,0.9987
310,311,10.1.1.48,10.1.1.26,48.0,13.0,0.0,272.0,0.0,0.0,True,0,True,961.0,0.0,0.0,0.0,0.0,,0.0,,,,0.0,,2.08,0.0,0,0,0.9995
311,312,10.1.1.48,10.1.1.25,48.0,15.0,7.0,272.0,2.0,0.0,True,0,True,961.0,3.0,1.1,0.31,1.0,33.33,0.0,0.0,1.6157893,0.20449416,2.0,66.67,2.08,0.14903846,0,0,0.9987
312,313,10.1.1.48,10.1.1.38,48.0,25.0,0.0,272.0,0.0,0.0,True,0,True,961.0,0.0,0.0,0.0,0.0,,0.0,,,,0.0,,2.08,0.0,0,0,0.9995
313,314,10.1.1.48,10.1.1.39,48.0,38.0,0.0,272.0,0.0,0.0,True,0,True,961.0,0.0,0.0,0.0,0.0,,0.0,,,,0.0,,2.08,0.0,0,0,0.9994
314,315,10.1.1.48,10.1.1.2,48.0,13.0,105.0,272.0,45.0,2.0,False,0,True,961.0,44.0,16.18,4.58,32.0,72.73,0.0,0.0,2.0005028,0.55259883,16.0,36.36,2.08,2.2019231,0,0,0.999
315,316,10.1.1.48,10.1.1.37,48.0,9.0,57.0,272.0,24.0,4.0,False,0,True,961.0,26.0,9.56,2.71,25.0,96.15,0.0,0.0,4.720706,1.1110858,7.0,26.92,2.08,1.3028846,0,0,0.9976
316,317,10.1.1.48,10.1.1.27,48.0,12.0,83.0,272.0,28.0,0.0,True,0,True,961.0,45.0,16.54,4.68,40.0,88.89,0.0,0.0,2.833508,0.6883773,10.0,22.22,2.08,2.25,0,0,0.9982
317,318,10.1.1.48,10.1.1.1,48.0,11.0,0.0,272.0,0.0,0.0,True,0,True,961.0,0.0,0.0,0.0,0.0,,0.0,,,,0.0,,2.08,0.0,0,0,0.9995
318,319,10.1.1.48,10.1.1.16,48.0,62.0,341.0,272.0,216.0,65.0,False,0,True,961.0,54.0,19.85,5.62,43.0,79.63,0.0,0.0,2.399562,0.5370972,71.0,131.48,2.08,2.7019231,0,0,0.9965
319,320,10.1.1.48,10.1.1.28,48.0,56.0,66.0,272.0,43.0,0.0,True,0,True,961.0,11.0,4.04,1.14,4.0,36.36,0.0,0.0,2.2055664,0.47113058,12.0,109.09,2.08,0.5480769,0,0,0.9983
320,321,10.1.1.48,10.1.1.47,48.0,18.0,0.0,272.0,0.0,0.0,True,0,True,961.0,0.0,0.0,0.0,0.0,,0.0,,,,0.0,,2.08,0.0,0,0,0.9995
321,322,10.1.1.48,10.1.1.8,48.0,14.0,0.0,272.0,0.0,0.0,True,0,True,961.0,0.0,0.0,0.0,0.0,,0.0,,,,0.0,,2.08,0.0,0,0,0.9995
322,323,10.1.1.48,10.1.1.44,48.0,28.0,0.0,272.0,0.0,0.0,True,0,True,961.0,0.0,0.0,0.0,0.0,,0.0,,,,0.0,,2.08,0.0,0,0,0.9995
323,324,10.1.1.48,10.1.1.20,48.0,13.0,0.0,272.0,0.0,0.0,True,0,True,961.0,0.0,0.0,0.0,0.0,,0.0,,,,0.0,,2.08,0.0,0,0,0.9995
324,325,10.1.1.48,10.1.1.18,48.0,10.0,0.0,272.0,0.0,0.0,True,0,True,961.0,0.0,0.0,0.0,0.0,,0.0,,,,0.0,,2.08,0.0,0,0,0.9995
325,326,10.1.1.48,10.1.1.3,48.0,18.0,0.0,272.0,0.0,0.0,True,0,True,961.0,0.0,0.0,0.0,0.0,,0.0,,,,0.0,,2.08,0.0,0,1,0.5451
326,327,10.1.1.48,10.1.1.30,48.0,35.0,52.0,272.0,37.0,0.0,True,0,True,961.0,10.0,3.68,1.04,10.0,100.0,0.0,0.0,3.4566913,0.6280334,5.0,50.0,2.08,0.5,0,0,0.9987
327,328,10.1.1.48,10.1.1.31,48.0,14.0,0.0,272.0,0.0,0.0,True,0,True,961.0,0.0,0.0,0.0,0.0,,0.0,,,,0.0,,2.08,0.0,0,0,0.9995
328,329,10.1.1.48,10.1.1.4,48.0,17.0,8.0,272.0,5.0,0.0,True,0,True,961.0,3.0,1.1,0.31,3.0,100.0,0.0,0.0,0.326765,0.043850925,0.0,0.0,2.08,0.14903846,0,1,0.8176
329,330,10.1.1.48,10.1.1.48,48.0,32.0,32.0,272.0,18.0,0.0,True,0,True,961.0,12.0,4.41,1.25,12.0,100.0,0.0,0.0,3.0614536,0.5563251,2.0,16.67,2.08,0.60096157,0,0,0.9955
330,331,10.1.1.48,10.1.1.6,48.0,15.0,0.0,272.0,0.0,0.0,True,0,True,961.0,0.0,0.0,0.0,0.0,,0.0,,,,0.0,,2.08,0.0,0,0,0.9996
331,332,10.1.1.48,10.1.1.50,48.0,39.0,157.0,272.0,90.0,0.0,True,0,True,961.0,47.0,17.28,4.89,40.0,85.11,0.0,0.0,2.4925637,0.44105554,20.0,42.55,2.08,2.3509614,0,0,0.9988
332,333,10.1.1.48,10.1.1.21,48.0,45.0,385.0,272.0,174.0,1.0,False,0,True,961.0,125.0,45.96,13.01,110.0,88.0,0.0,0.0,3.7642412,0.7624263,86.0,68.8,2.08,6.2548075,0,0,0.9978
333,334,10.1.1.48,10.1.1.45,48.0,30.0,71.0,272.0,0.0,0.0,True,0,True,961.0,272.0,100.0,28.30385,0.0,0.0,272.0,100.0,3.5447335,0.6578128,0.0,0.0,2.08,13.60762,1,0,0.9628
334,335,10.1.1.48,10.1.1.24,48.0,47.0,403.0,272.0,173.0,5.0,False,0,True,961.0,151.0,55.51,15.71,136.0,90.07,0.0,0.0,3.4522917,0.67137855,79.0,52.32,2.08,7.5528846,0,0,0.9976
335,336,10.1.1.48,10.1.1.43,48.0,19.0,10.0,272.0,10.0,0.0,True,0,True,961.0,0.0,0.0,0.0,0.0,,0.0,,,,0.0,,2.08,0.0,0,0,0.9996
336,337,10.1.1.48,10.1.1.23,48.0,13.0,24.0,272.0,17.0,0.0,True,0,True,961.0,4.0,1.47,0.42,4.0,100.0,0.0,0.0,4.807704,1.1389433,3.0,75.0,2.08,0.20192307,0,0,0.9984
337,338,10.1.1.48,10.1.1.5,48.0,3.0,116.0,272.0,36.0,0.0,True,0,True,961.0,66.0,24.26,6.87,59.0,89.39,0.0,0.0,3.7501204,0.9632347,14.0,21.21,2.08,3.3028846,0,0,0.9963
338,339,10.1.1.48,10.1.1.41,48.0,10.0,177.0,272.0,97.0,0.0,True,0,True,961.0,37.0,13.6,3.85,32.0,86.49,0.0,0.0,3.1665733,0.499578,43.0,116.22,2.08,1.8509616,0,0,0.999
339,340,10.1.1.48,10.1.1.15,48.0,25.0,180.0,272.0,128.0,30.0,False,0,True,961.0,28.0,10.29,2.91,15.0,53.57,0.0,0.0,1.9481671,0.4896484,24.0,85.71,2.08,1.3990384,0,0,0.999
340,341,10.1.1.48,10.1.1.19,48.0,2.0,27.0,272.0,19.0,5.0,False,0,True,961.0,4.0,1.47,0.42,4.0,100.0,0.0,0.0,0.788844,0.23099998,4.0,100.0,2.08,0.20192307,0,0,0.9957
341,342,10.1.1.48,10.1.1.11,48.0,5.0,93.0,272.0,44.0,8.0,False,0,True,961.0,26.0,9.56,2.71,25.0,96.15,0.0,0.0,3.84691,0.707008,23.0,88.46,2.08,1.3028846,0,0,0.9987
342,343,10.1.1.48,10.1.1.13,48.0,7.0,29.0,272.0,17.0,3.0,False,0,True,961.0,4.0,1.47,0.42,0.0,0.0,0.0,0.0,0.26499,0.132495,8.0,200.0,2.08,0.20192307,0,0,0.9959
343,344,10.1.1.49,10.1.1.37,35.0,8.0,0.0,254.0,0.0,0.0,True,0,True,430.0,0.0,0.0,0.0,0.0,,0.0,,,,0.0,,2.86,0.0,0,0,0.9998
344,345,10.1.1.49,10.1.1.25,35.0,1.0,0.0,254.0,0.0,0.0,True,0,True,430.0,0.0,0.0,0.0,0.0,,0.0,,,,0.0,,2.86,0.0,0,0,0.9997
345,346,10.1.1.49,10.1.1.47,35.0,2.0,0.0,254.0,0.0,0.0,True,0,True,430.0,0.0,0.0,0.0,0.0,,0.0,,,,0.0,,2.86,0.0,0,0,0.9997
346,347,10.1.1.49,10.1.1.5,35.0,21.0,61.0,254.0,25.0,0.0,True,0,True,430.0,26.0,10.24,6.05,25.0,96.15,0.0,0.0,3.5899725,0.64993614,10.0,38.46,2.86,2.1153846,0,0,0.9993
347,348,10.1.1.49,10.1.1.41,35.0,38.0,75.0,254.0,41.0,1.0,False,0,True,430.0,17.0,6.69,3.95,15.0,88.24,0.0,0.0,4.2918124,0.917815,17.0,100.0,2.86,1.3811189,0,0,0.9993
348,349,10.1.1.49,10.1.1.50,35.0,136.0,343.0,254.0,241.0,1.0,False,0,True,430.0,78.0,30.71,18.14,64.0,82.05,0.0,0.0,2.1477647,0.3817935,24.0,30.77,2.86,6.3426576,0,0,0.9932
349,350,10.1.1.49,10.1.1.34,35.0,25.0,116.0,254.0,88.0,2.0,False,0,True,430.0,13.0,5.12,3.02,10.0,76.92,0.0,0.0,2.7995424,0.40685874,15.0,115.38,2.86,1.0559441,0,0,0.9997
350,351,10.1.1.49,10.1.1.12,35.0,53.0,0.0,254.0,0.0,0.0,True,0,True,430.0,0.0,0.0,0.0,0.0,,0.0,,,,0.0,,2.86,0.0,0,0,0.5386
351,352,10.1.1.49,10.1.1.3,35.0,14.0,0.0,254.0,0.0,0.0,True,0,True,430.0,0.0,0.0,0.0,0.0,,0.0,,,,0.0,,2.86,0.0,0,1,0.5217
352,353,10.1.1.49,10.1.1.45,35.0,61.0,231.0,254.0,0.0,0.0,True,0,True,430.0,254.0,100.0,59.069767,0.0,0.0,254.0,100.0,3.4371607,0.64717305,0.0,0.0,2.86,20.653765,1,0,0.9429
353,354,10.1.1.49,10.1.1.2,35.0,5.0,0.0,254.0,0.0,0.0,True,0,True,430.0,0.0,0.0,0.0,0.0,,0.0,,,,0.0,,2.86,0.0,0,0,0.9998
354,355,10.1.1.49,10.1.1.1,35.0,9.0,0.0,254.0,0.0,0.0,True,0,True,430.0,0.0,0.0,0.0,0.0,,0.0,,,,0.0,,2.86,0.0,0,0,0.9998
355,356,10.1.1.49,10.1.1.31,35.0,14.0,0.0,254.0,0.0,0.0,True,0,True,430.0,0.0,0.0,0.0,0.0,,0.0,,,,0.0,,2.86,0.0,0,0,0.9998
356,357,10.1.1.49,10.1.1.27,35.0,7.0,0.0,254.0,0.0,0.0,True,0,True,430.0,0.0,0.0,0.0,0.0,,0.0,,,,0.0,,2.86,0.0,0,0,0.9998
357,358,10.1.1.49,10.1.1.20,35.0,9.0,0.0,254.0,0.0,0.0,True,0,True,430.0,0.0,0.0,0.0,0.0,,0.0,,,,0.0,,2.86,0.0,0,0,0.9998
358,359,10.1.1.49,10.1.1.30,35.0,28.0,36.0,254.0,28.0,0.0,True,0,True,430.0,5.0,1.97,1.16,5.0,100.0,0.0,0.0,3.7057443,0.6027938,3.0,60.0,2.86,0.4055944,0,0,0.9993
359,360,10.1.1.49,10.1.1.48,35.0,69.0,6.0,254.0,6.0,0.0,True,0,True,430.0,0.0,0.0,0.0,0.0,,0.0,,,,0.0,,2.86,0.0,0,0,0.9989
360,361,10.1.1.49,10.1.1.24,35.0,77.0,43.0,254.0,27.0,0.0,True,0,True,430.0,11.0,4.33,2.56,10.0,90.91,0.0,0.0,3.4322634,0.7272468,5.0,45.45,2.86,0.8951049,0,0,0.9973
361,362,10.1.1.49,10.1.1.4,35.0,6.0,0.0,254.0,0.0,0.0,True,0,True,430.0,0.0,0.0,0.0,0.0,,0.0,,,,0.0,,2.86,0.0,0,1,0.5202
362,363,10.1.1.49,10.1.1.23,35.0,41.0,0.0,254.0,0.0,0.0,True,0,True,430.0,0.0,0.0,0.0,0.0,,0.0,,,,0.0,,2.86,0.0,0,0,0.9997
363,364,10.1.1.49,10.1.1.13,35.0,2.0,0.0,254.0,0.0,0.0,True,0,True,430.0,0.0,0.0,0.0,0.0,,0.0,,,,0.0,,2.86,0.0,0,0,0.9997
364,365,10.1.1.49,10.1.1.43,35.0,36.0,0.0,254.0,0.0,0.0,True,0,True,430.0,0.0,0.0,0.0,0.0,,0.0,,,,0.0,,2.86,0.0,0,0,0.9997
365,366,10.1.1.49,10.1.1.15,35.0,34.0,254.0,254.0,185.0,39.0,False,0,True,430.0,35.0,13.78,8.14,24.0,68.57,0.0,0.0,1.9154483,0.47605702,34.0,97.14,2.86,2.8461537,0,0,0.9993
366,367,10.1.1.49,10.1.1.21,35.0,50.0,162.0,254.0,64.0,0.0,True,0,True,430.0,71.0,27.95,16.51,64.0,90.14,0.0,0.0,4.182507,0.88502437,27.0,38.03,2.86,5.7727275,0,0,0.9984
367,368,10.1.1.49,10.1.1.33,35.0,39.0,0.0,254.0,0.0,0.0,True,0,True,430.0,0.0,0.0,0.0,0.0,,0.0,,,,0.0,,2.86,0.0,0,0,0.9997
368,369,10.1.1.49,10.1.1.19,35.0,12.0,0.0,254.0,0.0,0.0,True,0,True,430.0,0.0,0.0,0.0,0.0,,0.0,,,,0.0,,2.86,0.0,0,0,0.9998
369,370,10.1.1.49,10.1.1.44,35.0,9.0,0.0,254.0,0.0,0.0,True,0,True,430.0,0.0,0.0,0.0,0.0,,0.0,,,,0.0,,2.86,0.0,0,0,0.9998
370,371,10.1.1.49,10.1.1.49,35.0,44.0,240.0,254.0,0.0,0.0,True,0,True,430.0,254.0,100.0,59.069767,0.0,0.0,254.0,100.0,2.6479151,0.4723115,0.0,0.0,2.86,20.653765,1,0,0.9617
371,372,10.1.1.49,10.1.1.6,35.0,11.0,0.0,254.0,0.0,0.0,True,0,True,430.0,0.0,0.0,0.0,0.0,,0.0,,,,0.0,,2.86,0.0,0,0,0.9998
372,373,10.1.1.49,10.1.1.36,35.0,5.0,0.0,254.0,0.0,0.0,True,0,True,430.0,0.0,0.0,0.0,0.0,,0.0,,,,0.0,,2.86,0.0,0,0,0.9998
373,374,10.1.1.49,10.1.1.7,35.0,18.0,50.0,254.0,46.0,0.0,True,0,True,430.0,4.0,1.57,0.93,1.0,25.0,0.0,0.0,0.12149575,0.032873876,0.0,0.0,2.86,0.32517484,0,0,0.987
374,375,10.1.1.49,10.1.1.32,35.0,2.0,0.0,254.0,0.0,0.0,True,0,True,430.0,0.0,0.0,0.0,0.0,,0.0,,,,0.0,,2.86,0.0,0,0,0.9997
375,376,10.1.1.49,10.1.1.28,35.0,31.0,139.0,254.0,104.0,0.0,True,0,True,430.0,14.0,5.51,3.26,4.0,28.57,0.0,0.0,1.8049363,0.40632552,21.0,150.0,2.86,1.1398602,0,0,0.9989
376,377,10.1.1.49,10.1.1.16,35.0,22.0,127.0,254.0,72.0,33.0,False,0,True,430.0,21.0,8.27,4.88,16.0,76.19,0.0,0.0,2.0438776,0.43198046,34.0,161.9,2.86,1.7062937,0,0,0.9995
377,378,10.1.1.49,10.1.1.46,35.0,7.0,13.0,254.0,12.0,0.0,True,0,True,430.0,1.0,0.39,0.23,1.0,100.0,0.0,0.0,3.335482,0.47649744,0.0,0.0,2.86,0.08041958,0,0,0.9922
