,Index,Node,Nbr_Node,Nbr_Count,Hello_Cnt,AODV_Msg_Nbr_Cnt,RREQs_Sent_To_Nbr,RREQs_From_Nbr,Nbr_Never_Sends_RREQ,Nbr_Is_Orig_Cnt,Nbr_Never_Orig,Nbr_Is_Dest_Cnt,Nbr_Never_Dest,All_RREPs_Rcvd_This_Node,RREPs_From_Nbr,RREP_Resp_Pct,Pct_Of_All_RREPs,Hop_Cnt_Over_1_Cnt,Hop_Cnt_Over_1_Pct,High_Dest_Seq_Num_Inc_Cnt,High_Dest_Seq_Num_Inc_Pct,Avg_Resp_Dly,Avg_Resp_Dly_Per_Hop,RERRs_From_Nbr,RERRs_From_Nbr_Pct,Pct_of_All_Nbrs,RREP_To_Nbrs_Ratio,Black_Hole_Node
0,1,10.1.1.0,10.1.1.45,44,25,0,181,0,TRUE,0,TRUE,0,TRUE,621,0,0,0,0,,0,,,,0,,2.27,0,FALSE
1,2,10.1.1.0,10.1.1.2,44,56,127,181,56,FALSE,0,TRUE,0,TRUE,621,54,29.83,8.7,41,75.93,0,0,3.525607611,0.946356766,17,31.48,2.27,3.832599119,FALSE
2,3,10.1.1.0,10.1.1.1,44,151,262,181,149,FALSE,5,FALSE,0,TRUE,621,69,38.12,11.11,31,44.93,0,0,1.826252275,0.649025119,44,63.77,2.27,4.894273128,FALSE
3,4,10.1.1.0,10.1.1.3,44,42,158,181,0,TRUE,0,TRUE,0,TRUE,181,181,100,100,0,0,181,100,1.357564881,0.553014783,0,0,2.27,44.05286344,TRUE
4,5,10.1.1.0,10.1.1.31,44,24,49,181,24,FALSE,0,TRUE,0,TRUE,621,15,8.29,2.42,8,53.33,0,0,0.502172667,0.199722372,10,66.67,2.27,1.066079295,FALSE
5,6,10.1.1.0,10.1.1.12,44,7,0,181,0,TRUE,0,TRUE,0,TRUE,181,181,100,100,0,0,181,100,,,0,0,2.27,44.05286344,TRUE
6,7,10.1.1.0,10.1.1.41,44,8,0,181,0,TRUE,0,TRUE,0,TRUE,621,0,0,0,0,,0,,,,0,,2.27,0,FALSE
7,8,10.1.1.0,10.1.1.50,44,8,0,181,0,TRUE,0,TRUE,0,TRUE,621,0,0,0,0,,0,,,,0,,2.27,0,FALSE
8,9,10.1.1.0,10.1.1.27,44,41,0,181,0,TRUE,0,TRUE,0,TRUE,621,0,0,0,0,,0,,,,0,,2.27,0,FALSE
9,10,10.1.1.0,10.1.1.18,44,30,20,181,14,FALSE,10,FALSE,0,TRUE,621,3,1.66,0.48,1,33.33,0,0,0.956295333,0.40715725,3,100,2.27,0.211453744,FALSE
10,11,10.1.1.0,10.1.1.21,44,9,0,181,0,TRUE,0,TRUE,0,TRUE,621,0,0,0,0,,0,,,,0,,2.27,0,FALSE
11,12,10.1.1.0,10.1.1.44,44,11,0,181,0,TRUE,0,TRUE,0,TRUE,621,0,0,0,0,,0,,,,0,,2.27,0,FALSE
12,13,10.1.1.0,10.1.1.11,44,8,0,181,0,TRUE,0,TRUE,0,TRUE,621,0,0,0,0,,0,,,,0,,2.27,0,FALSE
13,14,10.1.1.0,10.1.1.43,44,14,12,181,7,FALSE,0,TRUE,0,TRUE,621,3,1.66,0.48,2,66.67,0,0,0.012493,0.005030167,2,66.67,2.27,0.211453744,FALSE
14,15,10.1.1.0,10.1.1.15,44,9,0,181,0,TRUE,0,TRUE,0,TRUE,621,0,0,0,0,,0,,,,0,,2.27,0,FALSE
15,16,10.1.1.0,10.1.1.37,44,28,24,181,10,FALSE,1,FALSE,0,TRUE,621,11,6.08,1.77,10,90.91,0,0,2.379126636,0.635758432,3,27.27,2.27,0.779735683,FALSE
16,17,10.1.1.0,10.1.1.6,44,20,79,181,41,FALSE,1,FALSE,0,TRUE,621,29,16.02,4.67,13,44.83,0,0,3.044342759,1.182209264,9,31.03,2.27,2.057268722,FALSE
17,18,10.1.1.0,10.1.1.8,44,26,32,181,19,FALSE,0,TRUE,0,TRUE,621,10,5.52,1.61,7,70,0,0,2.7603896,0.858878576,3,30,2.27,0.709251101,FALSE
18,19,10.1.1.0,10.1.1.16,44,11,0,181,0,TRUE,0,TRUE,0,TRUE,621,0,0,0,0,,0,,,,0,,2.27,0,FALSE
19,20,10.1.1.0,10.1.1.5,44,7,27,181,11,FALSE,1,FALSE,0,TRUE,621,13,7.18,2.09,6,46.15,0,0,0.977783154,0.339244246,3,23.08,2.27,0.920704846,FALSE
20,21,10.1.1.0,10.1.1.39,44,25,9,181,9,FALSE,0,TRUE,0,TRUE,621,0,0,0,0,,0,,,,0,,2.27,0,FALSE
21,22,10.1.1.0,10.1.1.10,44,15,0,181,0,TRUE,0,TRUE,0,TRUE,621,0,0,0,0,,0,,,,0,,2.27,0,FALSE
22,23,10.1.1.0,10.1.1.28,44,8,0,181,0,TRUE,0,TRUE,0,TRUE,621,0,0,0,0,,0,,,,0,,2.27,0,FALSE
23,24,10.1.1.0,10.1.1.33,44,19,58,181,24,FALSE,0,TRUE,0,TRUE,621,19,10.5,3.06,13,68.42,0,0,1.735845842,0.530640741,15,78.95,2.27,1.348017621,FALSE
24,25,10.1.1.0,10.1.1.47,44,14,79,181,35,FALSE,1,FALSE,0,TRUE,621,18,9.94,2.9,16,88.89,0,0,3.586941167,0.826858067,26,144.44,2.27,1.27753304,FALSE
25,26,10.1.1.0,10.1.1.38,44,36,101,181,52,FALSE,0,TRUE,0,TRUE,621,25,13.81,4.03,11,44,0,0,1.83555992,0.544797985,24,96,2.27,1.775330396,FALSE
26,27,10.1.1.0,10.1.1.49,44,10,0,181,0,TRUE,0,TRUE,0,TRUE,621,0,0,0,0,,0,,,,0,,2.27,0,FALSE
27,28,10.1.1.0,10.1.1.29,44,13,0,181,0,TRUE,0,TRUE,0,TRUE,621,0,0,0,0,,0,,,,0,,2.27,0,FALSE
28,29,10.1.1.0,10.1.1.14,44,37,21,181,15,FALSE,9,FALSE,0,TRUE,621,3,1.66,0.48,2,66.67,0,0,1.584461333,0.361241922,3,100,2.27,0.211453744,FALSE
29,30,10.1.1.0,10.1.1.32,44,14,106,181,27,FALSE,0,TRUE,0,TRUE,621,21,11.6,3.38,18,85.71,0,0,4.629674286,1.263909496,58,276.19,2.27,1.488986784,FALSE
30,31,10.1.1.0,10.1.1.9,44,12,0,181,0,TRUE,0,TRUE,0,TRUE,621,0,0,0,0,,0,,,,0,,2.27,0,FALSE
31,32,10.1.1.0,10.1.1.26,44,45,22,181,15,FALSE,0,TRUE,0,TRUE,621,2,1.1,0.32,1,50,0,0,0.517005,0.173219667,5,250,2.27,0.140969163,FALSE
32,33,10.1.1.0,10.1.1.36,44,7,0,181,0,TRUE,0,TRUE,0,TRUE,621,0,0,0,0,,0,,,,0,,2.27,0,FALSE
33,34,10.1.1.0,10.1.1.22,44,54,32,181,17,FALSE,0,TRUE,0,TRUE,621,6,3.31,0.97,3,50,0,0,0.718313833,0.145256483,9,150,2.27,0.427312775,FALSE
34,35,10.1.1.0,10.1.1.17,44,41,201,181,82,FALSE,44,FALSE,0,TRUE,621,60,33.15,9.66,31,51.67,0,0,2.064015817,0.731145818,59,98.33,2.27,4.255506608,FALSE
35,36,10.1.1.0,10.1.1.46,44,62,190,181,106,FALSE,5,FALSE,0,TRUE,621,48,26.52,7.73,17,35.42,0,0,2.103326625,0.873431697,36,75,2.27,3.405286344,FALSE
36,37,10.1.1.0,10.1.1.34,44,26,0,181,0,TRUE,0,TRUE,0,TRUE,621,0,0,0,0,,0,,,,0,,2.27,0,FALSE
37,38,10.1.1.0,10.1.1.25,44,36,189,181,80,FALSE,1,FALSE,0,TRUE,621,55,30.39,8.86,31,56.36,0,0,3.1404888,0.965998286,54,98.18,2.27,3.9030837,FALSE
38,39,10.1.1.0,10.1.1.20,44,14,6,181,6,FALSE,0,TRUE,0,TRUE,621,0,0,0,0,,0,,,,0,,2.27,0,FALSE
39,40,10.1.1.0,10.1.1.4,44,12,40,181,0,TRUE,0,TRUE,0,TRUE,181,181,100,100,0,0,181,100,2.4872115,0.831117643,0,0,2.27,44.05286344,TRUE
40,41,10.1.1.0,10.1.1.30,44,11,44,181,23,FALSE,0,TRUE,0,TRUE,621,8,4.42,1.29,2,25,0,0,1.543508875,0.246275906,13,162.5,2.27,0.568281938,FALSE
41,42,10.1.1.0,10.1.1.23,44,22,143,181,56,FALSE,0,TRUE,0,TRUE,621,44,24.31,7.09,37,84.09,0,0,2.806562045,0.715058946,43,97.73,2.27,3.123348018,FALSE
42,43,10.1.1.0,10.1.1.48,44,1,38,181,9,FALSE,0,TRUE,0,TRUE,621,22,12.15,3.54,20,90.91,0,0,1.864151864,0.444738136,7,31.82,2.27,1.559471366,FALSE
43,44,10.1.1.0,10.1.1.42,44,8,7,181,4,FALSE,0,TRUE,0,TRUE,621,2,1.1,0.32,1,50,0,0,1.01603,0.339380667,1,50,2.27,0.140969163,FALSE
44,45,10.1.1.10,10.1.1.11,32,138,401,250,235,FALSE,32,FALSE,0,TRUE,672,95,38,14.14,89,93.68,0,0,3.823910032,0.69077799,71,74.74,3.12,4.532051282,FALSE
45,46,10.1.1.10,10.1.1.21,32,53,217,250,109,FALSE,0,TRUE,0,TRUE,672,63,25.2,9.38,59,93.65,0,0,4.143603016,0.746854136,45,71.43,3.12,3.006410256,FALSE
46,47,10.1.1.10,10.1.1.35,32,3,0,250,0,TRUE,0,TRUE,0,TRUE,672,0,0,0,0,,0,,,,0,,3.12,0,FALSE
47,48,10.1.1.10,10.1.1.16,32,22,100,250,62,FALSE,24,FALSE,0,TRUE,672,16,6.4,2.38,14,87.5,0,0,1.398774125,0.232305368,22,137.5,3.12,0.762820513,FALSE
48,49,10.1.1.10,10.1.1.28,32,3,13,250,7,FALSE,0,TRUE,0,TRUE,672,0,0,0,0,,0,,,,6,,3.12,0,FALSE
49,50,10.1.1.10,10.1.1.36,32,23,17,250,17,FALSE,0,TRUE,0,TRUE,672,0,0,0,0,,0,,,,0,,3.12,0,FALSE
50,51,10.1.1.10,10.1.1.25,32,13,0,250,0,TRUE,0,TRUE,0,TRUE,672,0,0,0,0,,0,,,,0,,3.12,0,FALSE
51,52,10.1.1.10,10.1.1.34,32,6,14,250,14,FALSE,0,TRUE,0,TRUE,672,0,0,0,0,,0,,,,0,,3.12,0,FALSE
52,53,10.1.1.10,10.1.1.18,32,27,0,250,0,TRUE,0,TRUE,0,TRUE,672,0,0,0,0,,0,,,,0,,3.12,0,FALSE
53,54,10.1.1.10,10.1.1.37,32,17,86,250,41,FALSE,5,FALSE,0,TRUE,672,36,14.4,5.36,35,97.22,0,0,4.877140306,1.041187446,9,25,3.12,1.717948718,FALSE
54,55,10.1.1.10,10.1.1.1,32,9,0,250,0,TRUE,0,TRUE,0,TRUE,672,0,0,0,0,,0,,,,0,,3.12,0,FALSE
55,56,10.1.1.10,10.1.1.27,32,7,107,250,35,FALSE,0,TRUE,0,TRUE,672,55,22,8.18,51,92.73,0,0,2.262240945,0.481524877,17,30.91,3.12,2.621794872,FALSE
56,57,10.1.1.10,10.1.1.45,32,46,136,250,85,FALSE,0,TRUE,0,TRUE,672,26,10.4,3.87,20,76.92,0,0,4.283057846,0.824528123,25,96.15,3.12,1.240384615,FALSE
57,58,10.1.1.10,10.1.1.44,32,37,65,250,43,FALSE,0,TRUE,0,TRUE,672,6,2.4,0.89,3,50,0,0,1.311112167,0.451086778,16,266.67,3.12,0.28525641,FALSE
58,59,10.1.1.10,10.1.1.15,32,48,33,250,23,FALSE,5,FALSE,0,TRUE,672,3,1.2,0.45,0,0,0,0,0.347603333,0.180694,7,233.33,3.12,0.144230769,FALSE
59,60,10.1.1.10,10.1.1.30,32,10,0,250,0,TRUE,0,TRUE,0,TRUE,672,0,0,0,0,,0,,,,0,,3.12,0,FALSE
60,61,10.1.1.10,10.1.1.20,32,4,0,250,0,TRUE,0,TRUE,0,TRUE,672,0,0,0,0,,0,,,,0,,3.12,0,FALSE
61,62,10.1.1.10,10.1.1.19,32,40,103,250,41,FALSE,5,FALSE,0,TRUE,672,36,14.4,5.36,34,94.44,0,0,3.464979,0.677427651,26,72.22,3.12,1.717948718,FALSE
62,63,10.1.1.10,10.1.1.4,32,22,50,250,0,TRUE,0,TRUE,0,TRUE,250,250,100,100,0,0,250,100,2.55603,0.587511023,0,0,3.12,32.05128205,TRUE
63,64,10.1.1.10,10.1.1.48,32,10,0,250,0,TRUE,0,TRUE,0,TRUE,672,0,0,0,0,,0,,,,0,,3.12,0,FALSE
64,65,10.1.1.10,10.1.1.41,32,43,95,250,52,FALSE,0,TRUE,0,TRUE,672,31,12.4,4.61,29,93.55,0,0,3.522632742,0.536346598,12,38.71,3.12,1.477564103,FALSE
65,66,10.1.1.10,10.1.1.5,32,28,61,250,32,FALSE,0,TRUE,0,TRUE,672,22,8.8,3.27,22,100,0,0,3.986058955,0.70099025,7,31.82,3.12,1.048076923,FALSE
66,67,10.1.1.10,10.1.1.13,32,25,51,250,46,FALSE,8,FALSE,0,TRUE,672,2,0.8,0.3,1,50,0,0,0.854864,0.215064125,3,150,3.12,0.096153846,FALSE
67,68,10.1.1.10,10.1.1.12,32,14,69,250,0,TRUE,0,TRUE,0,TRUE,250,250,100,100,0,0,250,100,3.118361556,0.679654598,0,0,3.12,32.05128205,TRUE
68,69,10.1.1.10,10.1.1.7,32,1,60,250,38,FALSE,0,TRUE,0,TRUE,672,17,6.8,2.53,15,88.24,0,0,3.658370529,0.631557389,5,29.41,3.12,0.810897436,FALSE
69,70,10.1.1.10,10.1.1.24,32,14,256,250,110,FALSE,3,FALSE,0,TRUE,672,96,38.4,14.29,88,91.67,0,0,3.233275573,0.592333806,50,52.08,3.12,4.580128205,FALSE
70,71,10.1.1.10,10.1.1.9,32,5,68,250,31,FALSE,0,TRUE,0,TRUE,672,24,9.6,3.57,23,95.83,0,0,3.53147975,0.82808187,13,54.17,3.12,1.144230769,FALSE
71,72,10.1.1.10,10.1.1.49,32,7,67,250,26,FALSE,0,TRUE,0,TRUE,672,21,8.4,3.12,14,66.67,0,0,2.29910219,0.615870635,20,95.24,3.12,1,FALSE
72,73,10.1.1.10,10.1.1.29,32,7,99,250,36,FALSE,0,TRUE,0,TRUE,672,40,16,5.95,38,95,0,0,4.259472925,0.762222527,23,57.5,3.12,1.907051282,FALSE
73,74,10.1.1.10,10.1.1.2,32,5,111,250,53,FALSE,2,FALSE,0,TRUE,672,42,16.8,6.25,37,88.1,0,0,2.152570048,0.409018185,16,38.1,3.12,2.003205128,FALSE
74,75,10.1.1.10,10.1.1.17,32,12,84,250,43,FALSE,4,FALSE,0,TRUE,672,20,8,2.98,15,75,0,0,2.3930952,0.522544489,21,105,3.12,0.955128205,FALSE
75,76,10.1.1.10,10.1.1.46,32,2,3,250,3,FALSE,0,TRUE,0,TRUE,672,0,0,0,0,,0,,,,0,,3.12,0,FALSE
76,77,10.1.1.11,10.1.1.37,32,16,75,261,65,FALSE,0,TRUE,0,TRUE,442,9,3.45,2.04,9,100,0,0,3.470908556,0.379125142,1,11.11,3.12,0.653846154,FALSE
77,78,10.1.1.11,10.1.1.3,32,12,0,261,0,TRUE,0,TRUE,0,TRUE,261,261,100,100,0,0,261,100,,,0,0,3.12,32.05128205,TRUE
78,79,10.1.1.11,10.1.1.12,32,135,329,261,0,TRUE,0,TRUE,0,TRUE,261,261,100,100,0,0,261,100,2.297461073,0.371745323,0,0,3.12,32.05128205,TRUE
79,80,10.1.1.11,10.1.1.41,32,54,210,261,124,FALSE,1,FALSE,0,TRUE,442,56,21.46,12.67,53,94.64,0,0,3.52725325,0.581265332,30,53.57,3.12,4.060897436,FALSE
80,81,10.1.1.11,10.1.1.50,32,50,0,261,0,TRUE,0,TRUE,0,TRUE,442,0,0,0,0,,0,,,,0,,3.12,0,FALSE
81,82,10.1.1.11,10.1.1.34,32,13,47,261,36,FALSE,2,FALSE,0,TRUE,442,4,1.53,0.9,3,75,0,0,0.74844675,0.0797604,7,175,3.12,0.288461538,FALSE
82,83,10.1.1.11,10.1.1.45,32,24,255,261,127,FALSE,1,FALSE,0,TRUE,442,83,31.8,18.78,72,86.75,0,0,3.341616458,0.595216174,45,54.22,3.12,6.019230769,FALSE
83,84,10.1.1.11,10.1.1.31,32,17,0,261,0,TRUE,0,TRUE,0,TRUE,442,0,0,0,0,,0,,,,0,,3.12,0,FALSE
84,85,10.1.1.11,10.1.1.1,32,7,0,261,0,TRUE,0,TRUE,0,TRUE,442,0,0,0,0,,0,,,,0,,3.12,0,FALSE
85,86,10.1.1.11,10.1.1.27,32,16,134,261,94,FALSE,0,TRUE,0,TRUE,442,18,6.9,4.07,16,88.89,0,0,2.831697556,0.435129954,22,122.22,3.12,1.304487179,FALSE
86,87,10.1.1.11,10.1.1.48,32,18,0,261,0,TRUE,0,TRUE,0,TRUE,442,0,0,0,0,,0,,,,0,,3.12,0,FALSE
87,88,10.1.1.11,10.1.1.20,32,11,0,261,0,TRUE,0,TRUE,0,TRUE,442,0,0,0,0,,0,,,,0,,3.12,0,FALSE
88,89,10.1.1.11,10.1.1.30,32,10,0,261,0,TRUE,0,TRUE,0,TRUE,442,0,0,0,0,,0,,,,0,,3.12,0,FALSE
89,90,10.1.1.11,10.1.1.24,32,55,120,261,52,FALSE,5,FALSE,0,TRUE,442,29,11.11,6.56,22,75.86,0,0,2.094384552,0.472909198,39,134.48,3.12,2.102564103,FALSE
90,91,10.1.1.11,10.1.1.4,32,26,42,261,0,TRUE,0,TRUE,0,TRUE,261,261,100,100,0,0,261,100,0.29230525,0.047781321,0,0,3.12,32.05128205,TRUE
91,92,10.1.1.11,10.1.1.19,32,33,156,261,97,FALSE,12,FALSE,0,TRUE,442,26,9.96,5.88,21,80.77,0,0,1.829414538,0.431042154,33,126.92,3.12,1.884615385,FALSE
92,93,10.1.1.11,10.1.1.23,32,40,0,261,0,TRUE,0,TRUE,0,TRUE,442,0,0,0,0,,0,,,,0,,3.12,0,FALSE
93,94,10.1.1.11,10.1.1.13,32,91,255,261,209,FALSE,40,FALSE,0,TRUE,442,18,6.9,4.07,11,61.11,0,0,1.367749667,0.295715439,28,155.56,3.12,1.304487179,FALSE
94,95,10.1.1.11,10.1.1.43,32,16,0,261,0,TRUE,0,TRUE,0,TRUE,442,0,0,0,0,,0,,,,0,,3.12,0,FALSE
95,96,10.1.1.11,10.1.1.33,32,9,0,261,0,TRUE,0,TRUE,0,TRUE,442,0,0,0,0,,0,,,,0,,3.12,0,FALSE
96,97,10.1.1.11,10.1.1.5,32,19,15,261,14,FALSE,0,TRUE,0,TRUE,442,1,0.38,0.23,1,100,0,0,2.870139,0.260921727,0,0,3.12,0.073717949,FALSE
97,98,10.1.1.11,10.1.1.44,32,31,46,261,25,FALSE,0,TRUE,0,TRUE,442,9,3.45,2.04,3,33.33,0,0,1.433279444,0.58052913,12,133.33,3.12,0.653846154,FALSE
98,99,10.1.1.11,10.1.1.36,32,13,0,261,0,TRUE,0,TRUE,0,TRUE,442,0,0,0,0,,0,,,,0,,3.12,0,FALSE
99,100,10.1.1.11,10.1.1.7,32,4,83,261,39,FALSE,0,TRUE,0,TRUE,442,33,12.64,7.47,28,84.85,0,0,3.173947485,0.612456605,11,33.33,3.12,2.394230769,FALSE
100,101,10.1.1.11,10.1.1.10,32,2,49,261,32,FALSE,0,TRUE,0,TRUE,442,10,3.83,2.26,10,100,0,0,4.3743441,0.579488835,7,70,3.12,0.724358974,FALSE
101,102,10.1.1.11,10.1.1.2,32,6,51,261,27,FALSE,2,FALSE,0,TRUE,442,19,7.28,4.3,8,42.11,0,0,1.717834263,0.896740741,5,26.32,3.12,1.378205128,FALSE
102,103,10.1.1.11,10.1.1.21,32,10,83,261,29,FALSE,1,FALSE,0,TRUE,442,23,8.81,5.2,17,73.91,0,0,2.290474696,0.38558258,31,134.78,3.12,1.666666667,FALSE
103,104,10.1.1.11,10.1.1.17,32,15,58,261,21,FALSE,2,FALSE,0,TRUE,442,10,3.83,2.26,5,50,0,0,2.6376198,0.777389367,27,270,3.12,0.724358974,FALSE
104,105,10.1.1.11,10.1.1.16,32,11,73,261,42,FALSE,22,FALSE,0,TRUE,442,8,3.07,1.81,5,62.5,0,0,2.205009,0.63045369,23,287.5,3.12,0.580128205,FALSE
105,106,10.1.1.11,10.1.1.29,32,15,76,261,35,FALSE,0,TRUE,0,TRUE,442,24,9.2,5.43,17,70.83,0,0,1.375012167,0.352694814,17,70.83,3.12,1.740384615,FALSE
106,107,10.1.1.11,10.1.1.9,32,7,30,261,15,FALSE,0,TRUE,0,TRUE,442,6,2.3,1.36,4,66.67,0,0,0.821666167,0.078436475,9,150,3.12,0.435897436,FALSE
107,108,10.1.1.11,10.1.1.25,32,5,17,261,5,FALSE,0,TRUE,0,TRUE,442,7,2.68,1.58,4,57.14,0,0,2.705473143,0.321635179,5,71.43,3.12,0.506410256,FALSE
108,109,10.1.1.13,10.1.1.33,36,21,26,109,10,FALSE,0,TRUE,0,TRUE,159,4,3.67,2.52,4,100,0,0,2.1649265,0.434009396,12,300,2.78,0.90647482,FALSE
109,110,10.1.1.13,10.1.1.29,36,54,0,109,0,TRUE,0,TRUE,0,TRUE,159,0,0,0,0,,0,,,,0,,2.78,0,FALSE
110,111,10.1.1.13,10.1.1.6,36,41,50,109,15,FALSE,0,TRUE,0,TRUE,159,26,23.85,16.35,26,100,0,0,3.814061538,0.535674491,9,34.62,2.78,5.881294964,FALSE
111,112,10.1.1.13,10.1.1.8,36,36,25,109,18,FALSE,0,TRUE,0,TRUE,159,3,2.75,1.89,2,66.67,0,0,1.510490333,0.358507267,4,133.33,2.78,0.679856115,FALSE
112,113,10.1.1.13,10.1.1.14,36,161,150,109,107,FALSE,51,FALSE,0,TRUE,159,20,18.35,12.58,15,75,0,0,1.14091025,0.326106649,23,115,2.78,4.525179856,FALSE
113,114,10.1.1.13,10.1.1.28,36,30,0,109,0,TRUE,0,TRUE,0,TRUE,159,0,0,0,0,,0,,,,0,,2.78,0,FALSE
114,115,10.1.1.13,10.1.1.10,36,33,0,109,0,TRUE,0,TRUE,0,TRUE,159,0,0,0,0,,0,,,,0,,2.78,0,FALSE
115,116,10.1.1.13,10.1.1.15,36,10,0,109,0,TRUE,0,TRUE,0,TRUE,159,0,0,0,0,,0,,,,0,,2.78,0,FALSE
116,117,10.1.1.13,10.1.1.43,36,9,10,109,7,FALSE,0,TRUE,0,TRUE,159,0,0,0,0,,0,,,,3,,2.78,0,FALSE
117,118,10.1.1.13,10.1.1.7,36,24,9,109,9,FALSE,0,TRUE,0,TRUE,159,0,0,0,0,,0,,,,0,,2.78,0,FALSE
118,119,10.1.1.13,10.1.1.46,36,28,0,109,0,TRUE,0,TRUE,0,TRUE,159,0,0,0,0,,0,,,,0,,2.78,0,FALSE
119,120,10.1.1.13,10.1.1.35,36,27,10,109,10,FALSE,0,TRUE,0,TRUE,159,0,0,0,0,,0,,,,0,,2.78,0,FALSE
120,121,10.1.1.13,10.1.1.36,36,20,0,109,0,TRUE,0,TRUE,0,TRUE,159,0,0,0,0,,0,,,,0,,2.78,0,FALSE
121,122,10.1.1.13,10.1.1.9,36,49,0,109,0,TRUE,0,TRUE,0,TRUE,159,0,0,0,0,,0,,,,0,,2.78,0,FALSE
122,123,10.1.1.13,10.1.1.39,36,43,34,109,26,FALSE,0,TRUE,0,TRUE,159,4,3.67,2.52,1,25,0,0,0.84186575,0.398268917,4,100,2.78,0.90647482,FALSE
123,124,10.1.1.13,10.1.1.26,36,67,57,109,12,FALSE,1,FALSE,0,TRUE,159,12,11.01,7.55,12,100,0,0,1.172989583,0.215359916,33,275,2.78,2.715827338,FALSE
124,125,10.1.1.13,10.1.1.49,36,30,0,109,0,TRUE,0,TRUE,0,TRUE,159,0,0,0,0,,0,,,,0,,2.78,0,FALSE
125,126,10.1.1.13,10.1.1.34,36,23,0,109,0,TRUE,0,TRUE,0,TRUE,159,0,0,0,0,,0,,,,0,,2.78,0,FALSE
126,127,10.1.1.13,10.1.1.38,36,40,21,109,19,FALSE,0,TRUE,0,TRUE,159,2,1.83,1.26,2,100,0,0,0.044892,0.0056115,0,0,2.78,0.45323741,FALSE
127,128,10.1.1.13,10.1.1.5,36,9,14,109,5,FALSE,0,TRUE,0,TRUE,159,8,7.34,5.03,7,87.5,0,0,1.486972375,0.558741396,1,12.5,2.78,1.809352518,FALSE
128,129,10.1.1.13,10.1.1.25,36,29,0,109,0,TRUE,0,TRUE,0,TRUE,159,0,0,0,0,,0,,,,0,,2.78,0,FALSE
129,130,10.1.1.13,10.1.1.2,36,60,0,109,0,TRUE,0,TRUE,0,TRUE,159,0,0,0,0,,0,,,,0,,2.78,0,FALSE
130,131,10.1.1.13,10.1.1.32,36,24,9,109,7,FALSE,0,TRUE,0,TRUE,159,1,0.92,0.63,1,100,0,0,2.252413,0.750804333,1,100,2.78,0.226618705,FALSE
131,132,10.1.1.13,10.1.1.27,36,36,22,109,18,FALSE,0,TRUE,0,TRUE,159,1,0.92,0.63,1,100,0,0,0.017664,0.005888,3,300,2.78,0.226618705,FALSE
132,133,10.1.1.13,10.1.1.1,36,40,14,109,9,FALSE,0,TRUE,0,TRUE,159,3,2.75,1.89,1,33.33,0,0,0.358522667,0.178366778,2,66.67,2.78,0.679856115,FALSE
133,134,10.1.1.13,10.1.1.17,36,17,0,109,0,TRUE,0,TRUE,0,TRUE,159,0,0,0,0,,0,,,,0,,2.78,0,FALSE
134,135,10.1.1.13,10.1.1.22,36,28,67,109,25,FALSE,0,TRUE,0,TRUE,159,19,17.43,11.95,16,84.21,0,0,1.960174368,0.253905883,23,121.05,2.78,4.298561151,FALSE
135,136,10.1.1.13,10.1.1.42,36,43,59,109,43,FALSE,1,FALSE,0,TRUE,159,8,7.34,5.03,7,87.5,0,0,0.424298875,0.127684833,8,100,2.78,1.809352518,FALSE
136,137,10.1.1.13,10.1.1.37,36,10,0,109,0,TRUE,0,TRUE,0,TRUE,159,0,0,0,0,,0,,,,0,,2.78,0,FALSE
137,138,10.1.1.13,10.1.1.40,36,34,19,109,19,FALSE,0,TRUE,0,TRUE,159,0,0,0,0,,0,,,,0,,2.78,0,FALSE
138,139,10.1.1.13,10.1.1.20,36,14,19,109,19,FALSE,7,FALSE,0,TRUE,159,0,0,0,0,,0,,,,0,,2.78,0,FALSE
139,140,10.1.1.13,10.1.1.31,36,23,43,109,21,FALSE,2,FALSE,0,TRUE,159,13,11.93,8.18,7,53.85,0,0,0.397009769,0.109175172,9,69.23,2.78,2.942446043,FALSE
140,141,10.1.1.13,10.1.1.18,36,14,46,109,33,FALSE,8,FALSE,0,TRUE,159,9,8.26,5.66,3,33.33,0,0,1.785138111,0.655770157,4,44.44,2.78,2.035971223,FALSE
141,142,10.1.1.13,10.1.1.30,36,7,24,109,12,FALSE,0,TRUE,0,TRUE,159,7,6.42,4.4,3,42.86,0,0,0.975811714,0.284031429,5,71.43,2.78,1.582733813,FALSE
142,143,10.1.1.13,10.1.1.3,36,7,36,109,0,TRUE,0,TRUE,0,TRUE,109,109,100,100,0,0,109,100,1.24496,0.418502723,0,0,2.78,35.97122302,TRUE
143,144,10.1.1.13,10.1.1.23,36,4,24,109,13,FALSE,0,TRUE,0,TRUE,159,6,5.5,3.77,0,0,0,0,1.139081667,0.569701417,5,83.33,2.78,1.356115108,FALSE
144,145,10.1.1.14,10.1.1.9,41,10,0,264,0,TRUE,0,TRUE,0,TRUE,517,0,0,0,0,,0,,,,0,,2.44,0,FALSE
145,146,10.1.1.14,10.1.1.17,41,7,36,264,8,FALSE,2,FALSE,0,TRUE,517,9,3.41,1.74,7,77.78,0,0,2.470141,0.619404981,19,211.11,2.44,0.713114754,FALSE
146,147,10.1.1.14,10.1.1.6,41,19,0,264,0,TRUE,0,TRUE,0,TRUE,517,0,0,0,0,,0,,,,0,,2.44,0,FALSE
147,148,10.1.1.14,10.1.1.8,41,13,0,264,0,TRUE,0,TRUE,0,TRUE,517,0,0,0,0,,0,,,,0,,2.44,0,FALSE
148,149,10.1.1.14,10.1.1.43,41,57,0,264,0,TRUE,0,TRUE,0,TRUE,517,0,0,0,0,,0,,,,0,,2.44,0,FALSE
149,150,10.1.1.14,10.1.1.15,41,138,337,264,252,FALSE,40,FALSE,0,TRUE,517,50,18.94,9.67,27,54,0,0,1.78511808,0.440728018,35,70,2.44,3.963114754,FALSE
150,151,10.1.1.14,10.1.1.7,41,19,122,264,65,FALSE,0,TRUE,0,TRUE,517,43,16.29,8.32,29,67.44,0,0,2.676893302,0.704028363,14,32.56,2.44,3.409836066,FALSE
151,152,10.1.1.14,10.1.1.33,41,5,0,264,0,TRUE,0,TRUE,0,TRUE,517,0,0,0,0,,0,,,,0,,2.44,0,FALSE
152,153,10.1.1.14,10.1.1.10,41,9,0,264,0,TRUE,0,TRUE,0,TRUE,517,0,0,0,0,,0,,,,0,,2.44,0,FALSE
153,154,10.1.1.14,10.1.1.39,41,14,0,264,0,TRUE,0,TRUE,0,TRUE,517,0,0,0,0,,0,,,,0,,2.44,0,FALSE
154,155,10.1.1.14,10.1.1.29,41,9,0,264,0,TRUE,0,TRUE,0,TRUE,517,0,0,0,0,,0,,,,0,,2.44,0,FALSE
155,156,10.1.1.14,10.1.1.35,41,10,0,264,0,TRUE,0,TRUE,0,TRUE,517,0,0,0,0,,0,,,,0,,2.44,0,FALSE
156,157,10.1.1.14,10.1.1.28,41,43,138,264,107,FALSE,0,TRUE,0,TRUE,517,13,4.92,2.51,4,30.77,0,0,1.974572615,0.45295147,18,138.46,2.44,1.028688525,FALSE
157,158,10.1.1.14,10.1.1.46,41,17,18,264,16,FALSE,0,TRUE,0,TRUE,517,2,0.76,0.39,1,50,0,0,2.1696445,0.48915475,0,0,2.44,0.159836066,FALSE
158,159,10.1.1.14,10.1.1.36,41,6,0,264,0,TRUE,0,TRUE,0,TRUE,517,0,0,0,0,,0,,,,0,,2.44,0,FALSE
159,160,10.1.1.14,10.1.1.16,41,38,180,264,102,FALSE,41,FALSE,0,TRUE,517,27,10.23,5.22,19,70.37,0,0,1.724226667,0.366535486,51,188.89,2.44,2.139344262,FALSE
160,161,10.1.1.14,10.1.1.25,41,13,5,264,1,FALSE,0,TRUE,0,TRUE,517,2,0.76,0.39,0,0,0,0,0.0084105,0.00420525,2,100,2.44,0.159836066,FALSE
161,162,10.1.1.14,10.1.1.34,41,21,89,264,68,FALSE,2,FALSE,0,TRUE,517,12,4.55,2.32,9,75,0,0,2.169965,0.283596677,9,75,2.44,0.950819672,FALSE
162,163,10.1.1.14,10.1.1.38,41,7,0,264,0,TRUE,0,TRUE,0,TRUE,517,0,0,0,0,,0,,,,0,,2.44,0,FALSE
163,164,10.1.1.14,10.1.1.5,41,34,48,264,25,FALSE,0,TRUE,0,TRUE,517,19,7.2,3.68,19,100,0,0,4.015419632,0.644315509,4,21.05,2.44,1.508196721,FALSE
164,165,10.1.1.14,10.1.1.44,41,24,0,264,0,TRUE,0,TRUE,0,TRUE,517,0,0,0,0,,0,,,,0,,2.44,0,FALSE
165,166,10.1.1.14,10.1.1.37,41,8,0,264,0,TRUE,0,TRUE,0,TRUE,517,0,0,0,0,,0,,,,0,,2.44,0,FALSE
166,167,10.1.1.14,10.1.1.2,41,7,47,264,23,FALSE,2,FALSE,0,TRUE,517,18,6.82,3.48,7,38.89,0,0,2.099230111,1.185967208,6,33.33,2.44,1.426229508,FALSE
167,168,10.1.1.14,10.1.1.1,41,8,0,264,0,TRUE,0,TRUE,0,TRUE,517,0,0,0,0,,0,,,,0,,2.44,0,FALSE
168,169,10.1.1.14,10.1.1.27,41,7,0,264,0,TRUE,0,TRUE,0,TRUE,517,0,0,0,0,,0,,,,0,,2.44,0,FALSE
169,170,10.1.1.14,10.1.1.11,41,50,50,264,27,FALSE,5,FALSE,0,TRUE,517,7,2.65,1.35,6,85.71,0,0,2.299973429,0.247905152,16,228.57,2.44,0.553278689,FALSE
170,171,10.1.1.14,10.1.1.21,41,26,56,264,16,FALSE,1,FALSE,0,TRUE,517,18,6.82,3.48,12,66.67,0,0,2.238525889,0.419651687,22,122.22,2.44,1.426229508,FALSE
171,172,10.1.1.14,10.1.1.3,41,9,0,264,0,TRUE,0,TRUE,0,TRUE,264,264,100,100,0,0,264,100,,,0,0,2.44,40.98360656,TRUE
172,173,10.1.1.14,10.1.1.45,41,44,272,264,138,FALSE,1,FALSE,0,TRUE,517,86,32.58,16.63,75,87.21,0,0,3.389099256,0.61283071,48,55.81,2.44,6.81557377,FALSE
173,174,10.1.1.14,10.1.1.18,41,9,0,264,0,TRUE,0,TRUE,0,TRUE,517,0,0,0,0,,0,,,,0,,2.44,0,FALSE
174,175,10.1.1.14,10.1.1.31,41,7,0,264,0,TRUE,0,TRUE,0,TRUE,517,0,0,0,0,,0,,,,0,,2.44,0,FALSE
175,176,10.1.1.14,10.1.1.20,41,6,0,264,0,TRUE,0,TRUE,0,TRUE,517,0,0,0,0,,0,,,,0,,2.44,0,FALSE
176,177,10.1.1.14,10.1.1.30,41,24,0,264,0,TRUE,0,TRUE,0,TRUE,517,0,0,0,0,,0,,,,0,,2.44,0,FALSE
177,178,10.1.1.14,10.1.1.4,41,8,0,264,0,TRUE,0,TRUE,0,TRUE,264,264,100,100,0,0,264,100,,,0,0,2.44,40.98360656,TRUE
178,179,10.1.1.14,10.1.1.19,41,30,14,264,11,FALSE,2,FALSE,0,TRUE,517,2,0.76,0.39,2,100,0,0,3.2594005,0.465628643,1,50,2.44,0.159836066,FALSE
179,180,10.1.1.14,10.1.1.48,41,10,0,264,0,TRUE,0,TRUE,0,TRUE,517,0,0,0,0,,0,,,,0,,2.44,0,FALSE
180,181,10.1.1.14,10.1.1.50,41,29,238,264,157,FALSE,1,FALSE,0,TRUE,517,59,22.35,11.41,50,84.75,0,0,2.658533034,0.471643,22,37.29,2.44,4.676229508,FALSE
181,182,10.1.1.14,10.1.1.41,41,32,247,264,147,FALSE,1,FALSE,0,TRUE,517,62,23.48,11.99,56,90.32,0,0,3.691435371,0.691755272,38,61.29,2.44,4.913934426,FALSE
182,183,10.1.1.14,10.1.1.49,41,27,213,264,115,FALSE,4,FALSE,0,TRUE,517,42,15.91,8.12,27,64.29,0,0,1.965788833,0.469912516,56,133.33,2.44,3.327868852,FALSE
183,184,10.1.1.14,10.1.1.24,41,13,130,264,45,FALSE,4,FALSE,0,TRUE,517,45,17.05,8.7,36,80,0,0,2.642297356,0.493982297,40,88.89,2.44,3.56557377,FALSE
184,185,10.1.1.14,10.1.1.13,41,2,5,264,1,FALSE,0,TRUE,0,TRUE,517,1,0.38,0.19,0,0,0,0,0.002137,0.0010685,3,300,2.44,0.077868852,FALSE
185,186,10.1.1.15,10.1.1.11,40,20,117,269,56,FALSE,10,FALSE,0,TRUE,948,30,11.15,3.16,28,93.33,0,0,3.602083467,0.646737495,31,103.33,2.5,1.264,FALSE
186,187,10.1.1.15,10.1.1.36,40,13,0,269,0,TRUE,0,TRUE,0,TRUE,948,0,0,0,0,,0,,,,0,,2.5,0,FALSE
187,188,10.1.1.15,10.1.1.21,40,24,267,269,117,FALSE,1,FALSE,0,TRUE,948,77,28.62,8.12,68,88.31,0,0,3.735636182,0.742638819,73,94.81,2.5,3.248,FALSE
188,189,10.1.1.15,10.1.1.35,40,12,0,269,0,TRUE,0,TRUE,0,TRUE,948,0,0,0,0,,0,,,,0,,2.5,0,FALSE
189,190,10.1.1.15,10.1.1.16,40,137,398,269,256,FALSE,65,FALSE,0,TRUE,948,68,25.28,7.17,49,72.06,0,0,2.317933662,0.549454451,74,108.82,2.5,2.868,FALSE
190,191,10.1.1.15,10.1.1.28,40,62,54,269,36,FALSE,0,TRUE,0,TRUE,948,7,2.6,0.74,1,14.29,0,0,1.602183,0.53362723,11,157.14,2.5,0.296,FALSE
191,192,10.1.1.15,10.1.1.8,40,48,0,269,0,TRUE,0,TRUE,0,TRUE,948,0,0,0,0,,0,,,,0,,2.5,0,FALSE
192,193,10.1.1.15,10.1.1.46,40,18,11,269,10,FALSE,0,TRUE,0,TRUE,948,1,0.37,0.11,1,100,0,0,3.335482,0.476497429,0,0,2.5,0.044,FALSE
193,194,10.1.1.15,10.1.1.43,40,19,0,269,0,TRUE,0,TRUE,0,TRUE,948,0,0,0,0,,0,,,,0,,2.5,0,FALSE
194,195,10.1.1.15,10.1.1.25,40,24,0,269,0,TRUE,0,TRUE,0,TRUE,948,0,0,0,0,,0,,,,0,,2.5,0,FALSE
195,196,10.1.1.15,10.1.1.38,40,34,0,269,0,TRUE,0,TRUE,0,TRUE,948,0,0,0,0,,0,,,,0,,2.5,0,FALSE
196,197,10.1.1.15,10.1.1.34,40,22,226,269,100,FALSE,3,FALSE,0,TRUE,948,79,29.37,8.33,73,92.41,0,0,3.438409025,0.718556538,47,59.49,2.5,3.332,FALSE
197,198,10.1.1.15,10.1.1.39,40,29,0,269,0,TRUE,0,TRUE,0,TRUE,948,0,0,0,0,,0,,,,0,,2.5,0,FALSE
198,199,10.1.1.15,10.1.1.5,40,22,132,269,35,FALSE,0,TRUE,0,TRUE,948,84,31.23,8.86,73,86.9,0,0,3.911039893,0.968532379,13,15.48,2.5,3.544,FALSE
199,200,10.1.1.15,10.1.1.6,40,53,0,269,0,TRUE,0,TRUE,0,TRUE,948,0,0,0,0,,0,,,,0,,2.5,0,FALSE
200,201,10.1.1.15,10.1.1.37,40,14,85,269,35,FALSE,3,FALSE,0,TRUE,948,39,14.5,4.11,37,94.87,0,0,4.872208154,1.055196847,11,28.21,2.5,1.644,FALSE
201,202,10.1.1.15,10.1.1.33,40,20,32,269,14,FALSE,0,TRUE,0,TRUE,948,15,5.58,1.58,13,86.67,0,0,3.866999267,0.986736452,3,20,2.5,0.632,FALSE
202,203,10.1.1.15,10.1.1.2,40,12,109,269,48,FALSE,2,FALSE,0,TRUE,948,45,16.73,4.75,33,73.33,0,0,2.062867711,0.553857922,16,35.56,2.5,1.9,FALSE
203,204,10.1.1.15,10.1.1.27,40,19,31,269,20,FALSE,0,TRUE,0,TRUE,948,8,2.97,0.84,5,62.5,0,0,3.647778625,0.98930877,3,37.5,2.5,0.336,FALSE
204,205,10.1.1.15,10.1.1.1,40,11,0,269,0,TRUE,0,TRUE,0,TRUE,948,0,0,0,0,,0,,,,0,,2.5,0,FALSE
205,206,10.1.1.15,10.1.1.10,40,42,25,269,14,FALSE,0,TRUE,0,TRUE,948,10,3.72,1.05,8,80,0,0,4.102833,0.680206223,1,10,2.5,0.42,FALSE
206,207,10.1.1.15,10.1.1.49,40,60,354,269,181,FALSE,3,FALSE,0,TRUE,948,91,33.83,9.6,74,81.32,0,0,2.374049549,0.47094195,82,90.11,2.5,3.84,FALSE
207,208,10.1.1.15,10.1.1.44,40,17,17,269,5,FALSE,0,TRUE,0,TRUE,948,5,1.86,0.53,0,0,0,0,1.7666608,0.8837673,7,140,2.5,0.212,FALSE
208,209,10.1.1.15,10.1.1.20,40,19,0,269,0,TRUE,0,TRUE,0,TRUE,948,0,0,0,0,,0,,,,0,,2.5,0,FALSE
209,210,10.1.1.15,10.1.1.18,40,17,0,269,0,TRUE,0,TRUE,0,TRUE,948,0,0,0,0,,0,,,,0,,2.5,0,FALSE
210,211,10.1.1.15,10.1.1.32,40,30,0,269,0,TRUE,0,TRUE,0,TRUE,948,0,0,0,0,,0,,,,0,,2.5,0,FALSE
211,212,10.1.1.15,10.1.1.30,40,15,120,269,55,FALSE,1,FALSE,0,TRUE,948,48,17.84,5.06,48,100,0,0,3.914453958,0.815653364,17,35.42,2.5,2.024,FALSE
212,213,10.1.1.15,10.1.1.3,40,26,0,269,0,TRUE,0,TRUE,0,TRUE,269,269,100,100,0,0,269,100,,,0,0,2.5,40,TRUE
213,214,10.1.1.15,10.1.1.4,40,7,12,269,0,TRUE,0,TRUE,0,TRUE,269,269,100,100,0,0,269,100,0.57650625,0.088126944,0,0,2.5,40,TRUE
214,215,10.1.1.15,10.1.1.50,40,22,46,269,34,FALSE,0,TRUE,0,TRUE,948,6,2.23,0.63,2,33.33,0,0,0.599867667,0.110454917,6,100,2.5,0.252,FALSE
215,216,10.1.1.15,10.1.1.48,40,10,102,269,47,FALSE,0,TRUE,0,TRUE,948,42,15.61,4.43,42,100,0,0,4.509235595,0.893570951,13,30.95,2.5,1.772,FALSE
216,217,10.1.1.15,10.1.1.24,40,28,383,269,155,FALSE,5,FALSE,0,TRUE,948,148,55.02,15.61,132,89.19,0,0,3.438450284,0.666568675,80,54.05,2.5,6.244,FALSE
217,218,10.1.1.15,10.1.1.19,40,11,62,269,34,FALSE,8,FALSE,0,TRUE,948,16,5.95,1.69,14,87.5,0,0,1.373910875,0.405007937,12,75,2.5,0.676,FALSE
218,219,10.1.1.15,10.1.1.41,40,6,122,269,63,FALSE,0,TRUE,0,TRUE,948,33,12.27,3.48,28,84.85,0,0,2.812621727,0.441126849,26,78.79,2.5,1.392,FALSE
219,220,10.1.1.15,10.1.1.29,40,7,139,269,48,FALSE,0,TRUE,0,TRUE,948,47,17.47,4.96,41,87.23,0,0,3.194273064,0.537567448,44,93.62,2.5,1.984,FALSE
220,221,10.1.1.15,10.1.1.7,40,2,38,269,20,FALSE,0,TRUE,0,TRUE,948,11,4.09,1.16,1,9.09,0,0,0.917079636,0.880069227,7,63.64,2.5,0.464,FALSE
221,222,10.1.1.15,10.1.1.17,40,13,86,269,33,FALSE,4,FALSE,0,TRUE,948,22,8.18,2.32,15,68.18,0,0,2.949962364,0.612634798,31,140.91,2.5,0.928,FALSE
222,223,10.1.1.15,10.1.1.12,40,11,36,269,0,TRUE,0,TRUE,0,TRUE,269,269,100,100,0,0,269,100,1.41291975,0.472076375,0,0,2.5,40,TRUE
223,224,10.1.1.15,10.1.1.13,40,9,40,269,28,FALSE,5,FALSE,0,TRUE,948,4,1.49,0.42,0,0,0,0,0.26499,0.132495,8,200,2.5,0.168,FALSE
224,225,10.1.1.15,10.1.1.45,40,3,18,269,6,FALSE,0,TRUE,0,TRUE,948,4,1.49,0.42,1,25,0,0,1.7084865,0.770599458,8,200,2.5,0.168,FALSE
225,226,10.1.1.16,10.1.1.42,47,44,0,234,0,TRUE,0,TRUE,0,TRUE,974,0,0,0,0,,0,,,,0,,2.13,0,FALSE
226,227,10.1.1.16,10.1.1.9,47,20,245,234,70,FALSE,4,FALSE,0,TRUE,974,126,53.85,12.94,105,83.33,0,0,3.255468778,0.741375242,49,38.89,2.13,6.075117371,FALSE
227,228,10.1.1.16,10.1.1.17,47,145,444,234,192,FALSE,50,FALSE,0,TRUE,974,139,59.4,14.27,70,50.36,0,0,2.012907791,0.669017722,113,81.29,2.13,6.699530516,FALSE
228,229,10.1.1.16,10.1.1.49,47,18,63,234,22,FALSE,1,FALSE,0,TRUE,974,18,7.69,1.85,10,55.56,0,0,2.067016722,0.633820948,23,127.78,2.13,0.868544601,FALSE
229,230,10.1.1.16,10.1.1.32,47,25,22,234,8,FALSE,0,TRUE,0,TRUE,974,5,2.14,0.51,4,80,0,0,4.177628,1.06643421,9,180,2.13,0.23943662,FALSE
230,231,10.1.1.16,10.1.1.15,47,6,20,234,13,FALSE,5,FALSE,0,TRUE,974,3,1.28,0.31,0,0,0,0,0.347603333,0.180694,4,133.33,2.13,0.145539906,FALSE
231,232,10.1.1.16,10.1.1.10,47,1,0,234,0,TRUE,0,TRUE,0,TRUE,974,0,0,0,0,,0,,,,0,,2.13,0,FALSE
232,233,10.1.1.16,10.1.1.7,47,3,22,234,6,FALSE,0,TRUE,0,TRUE,974,9,3.85,0.92,2,22.22,0,0,1.113676222,1.071811407,7,77.78,2.13,0.431924883,FALSE
233,234,10.1.1.16,10.1.1.40,47,47,0,234,0,TRUE,0,TRUE,0,TRUE,974,0,0,0,0,,0,,,,0,,2.13,0,FALSE
234,235,10.1.1.16,10.1.1.33,47,10,86,234,23,FALSE,1,FALSE,0,TRUE,974,45,19.23,4.62,33,73.33,0,0,3.575962178,1.049471453,18,40,2.13,2.169014085,FALSE
235,236,10.1.1.16,10.1.1.36,47,17,8,234,8,FALSE,0,TRUE,0,TRUE,974,0,0,0,0,,0,,,,0,,2.13,0,FALSE
236,237,10.1.1.16,10.1.1.22,47,39,0,234,0,TRUE,0,TRUE,0,TRUE,974,0,0,0,0,,0,,,,0,,2.13,0,FALSE
237,238,10.1.1.16,10.1.1.35,47,16,0,234,0,TRUE,0,TRUE,0,TRUE,974,0,0,0,0,,0,,,,0,,2.13,0,FALSE
238,239,10.1.1.16,10.1.1.46,47,58,98,234,59,FALSE,3,FALSE,0,TRUE,974,20,8.55,2.05,6,30,0,0,1.56035205,0.736744933,19,95,2.13,0.962441315,FALSE
239,240,10.1.1.16,10.1.1.34,47,44,27,234,19,FALSE,2,FALSE,0,TRUE,974,5,2.14,0.51,4,80,0,0,0.328191,0.109503167,3,60,2.13,0.23943662,FALSE
240,241,10.1.1.16,10.1.1.27,47,34,21,234,9,FALSE,0,TRUE,0,TRUE,974,4,1.71,0.41,3,75,0,0,1.82302825,0.26923125,8,200,2.13,0.192488263,FALSE
241,242,10.1.1.16,10.1.1.37,47,26,87,234,30,FALSE,1,FALSE,0,TRUE,974,37,15.81,3.8,34,91.89,0,0,2.381508054,0.530098957,20,54.05,2.13,1.784037559,FALSE
242,243,10.1.1.16,10.1.1.2,47,39,174,234,90,FALSE,2,FALSE,0,TRUE,974,59,25.21,6.06,42,71.19,0,0,2.007302305,0.651942045,25,42.37,2.13,2.845070423,FALSE
243,244,10.1.1.16,10.1.1.25,47,53,77,234,28,FALSE,1,FALSE,0,TRUE,974,13,5.56,1.33,2,15.38,0,0,1.921309308,0.940723,36,276.92,2.13,0.624413146,FALSE
244,245,10.1.1.16,10.1.1.1,47,41,110,234,56,FALSE,3,FALSE,0,TRUE,974,30,12.82,3.08,18,60,0,0,2.650670333,0.863390519,24,80,2.13,1.44600939,FALSE
245,246,10.1.1.16,10.1.1.14,47,16,0,234,0,TRUE,0,TRUE,0,TRUE,974,0,0,0,0,,0,,,,0,,2.13,0,FALSE
246,247,10.1.1.16,10.1.1.26,47,27,0,234,0,TRUE,0,TRUE,0,TRUE,974,0,0,0,0,,0,,,,0,,2.13,0,FALSE
247,248,10.1.1.16,10.1.1.18,47,13,0,234,0,TRUE,0,TRUE,0,TRUE,974,0,0,0,0,,0,,,,0,,2.13,0,FALSE
248,249,10.1.1.16,10.1.1.20,47,11,0,234,0,TRUE,0,TRUE,0,TRUE,974,0,0,0,0,,0,,,,0,,2.13,0,FALSE
249,250,10.1.1.16,10.1.1.8,47,19,9,234,7,FALSE,0,TRUE,0,TRUE,974,1,0.43,0.1,1,100,0,0,0.034421,0.005736833,1,100,2.13,0.046948357,FALSE
250,251,10.1.1.16,10.1.1.38,47,21,60,234,25,FALSE,0,TRUE,0,TRUE,974,18,7.69,1.85,11,61.11,0,0,2.373436333,0.66952225,17,94.44,2.13,0.868544601,FALSE
251,252,10.1.1.16,10.1.1.39,47,4,0,234,0,TRUE,0,TRUE,0,TRUE,974,0,0,0,0,,0,,,,0,,2.13,0,FALSE
252,253,10.1.1.16,10.1.1.31,47,10,12,234,6,FALSE,0,TRUE,0,TRUE,974,3,1.28,0.31,3,100,0,0,0.027943667,0.005588733,3,100,2.13,0.145539906,FALSE
253,254,10.1.1.16,10.1.1.4,47,26,104,234,0,TRUE,0,TRUE,0,TRUE,234,234,100,100,0,0,234,100,2.629323968,0.680453461,0,0,2.13,46.94835681,TRUE
254,255,10.1.1.16,10.1.1.29,47,28,289,234,122,FALSE,0,TRUE,0,TRUE,974,96,41.03,9.86,82,85.42,0,0,3.116886344,0.667333029,71,73.96,2.13,4.629107981,FALSE
255,256,10.1.1.16,10.1.1.3,47,8,100,234,0,TRUE,0,TRUE,0,TRUE,234,234,100,100,0,0,234,100,1.856609064,0.744408585,0,0,2.13,46.94835681,TRUE
256,257,10.1.1.16,10.1.1.6,47,5,66,234,26,FALSE,1,FALSE,0,TRUE,974,30,12.82,3.08,19,63.33,0,0,3.315323833,0.944446745,10,33.33,2.13,1.44600939,FALSE
257,258,10.1.1.16,10.1.1.47,47,2,69,234,27,FALSE,0,TRUE,0,TRUE,974,35,14.96,3.59,11,31.43,0,0,2.190474486,0.942824273,7,20,2.13,1.685446009,FALSE
258,259,10.1.1.16,10.1.1.30,47,5,45,234,14,FALSE,0,TRUE,0,TRUE,974,17,7.26,1.75,17,100,0,0,4.377536,0.859602526,14,82.35,2.13,0.821596244,FALSE
259,260,10.1.1.16,10.1.1.5,47,4,18,234,7,FALSE,0,TRUE,0,TRUE,974,5,2.14,0.51,3,60,0,0,3.1170154,1.52085306,6,120,2.13,0.23943662,FALSE
260,261,10.1.1.16,10.1.1.48,47,10,79,234,22,FALSE,0,TRUE,0,TRUE,974,47,20.09,4.83,42,89.36,0,0,2.111966468,0.477298062,10,21.28,2.13,2.267605634,FALSE
261,262,10.1.1.16,10.1.1.23,47,2,9,234,7,FALSE,0,TRUE,0,TRUE,974,1,0.43,0.1,1,100,0,0,0.011863,0.003954333,1,100,2.13,0.046948357,FALSE
262,263,10.1.1.16,10.1.1.19,47,20,112,234,47,FALSE,4,FALSE,0,TRUE,974,32,13.68,3.29,30,93.75,0,0,3.66174425,0.684853998,33,103.12,2.13,1.544600939,FALSE
263,264,10.1.1.16,10.1.1.11,47,8,75,234,43,FALSE,6,FALSE,0,TRUE,974,10,4.27,1.03,9,90,0,0,3.4464703,0.583885484,22,220,2.13,0.483568075,FALSE
264,265,10.1.1.16,10.1.1.21,47,6,87,234,29,FALSE,1,FALSE,0,TRUE,974,25,10.68,2.57,20,80,0,0,2.38446616,0.419884612,33,132,2.13,1.20657277,FALSE
265,266,10.1.1.16,10.1.1.41,47,2,57,234,25,FALSE,0,TRUE,0,TRUE,974,16,6.84,1.64,11,68.75,0,0,3.231052875,0.39432778,16,100,2.13,0.769953052,FALSE
266,267,10.1.1.16,10.1.1.24,47,14,90,234,32,FALSE,3,FALSE,0,TRUE,974,32,13.68,3.29,24,75,0,0,1.882616,0.429054874,26,81.25,2.13,1.544600939,FALSE
267,268,10.1.1.16,10.1.1.12,47,10,40,234,0,TRUE,0,TRUE,0,TRUE,234,234,100,100,0,0,234,100,1.8288694,0.476761452,0,0,2.13,46.94835681,TRUE
268,269,10.1.1.16,10.1.1.28,47,3,6,234,6,FALSE,0,TRUE,0,TRUE,974,0,0,0,0,,0,,,,0,,2.13,0,FALSE
269,270,10.1.1.16,10.1.1.13,47,11,47,234,37,FALSE,5,FALSE,0,TRUE,974,2,0.85,0.21,0,0,0,0,0.0059355,0.00296775,8,400,2.13,0.098591549,FALSE
270,271,10.1.1.16,10.1.1.45,47,12,38,234,23,FALSE,0,TRUE,0,TRUE,974,1,0.43,0.1,0,0,0,0,4.814651,2.4073255,14,1400,2.13,0.046948357,FALSE
271,272,10.1.1.16,10.1.1.44,47,14,53,234,31,FALSE,0,TRUE,0,TRUE,974,7,2.99,0.72,1,14.29,0,0,1.740691857,0.71199681,15,214.29,2.13,0.338028169,FALSE
272,273,10.1.1.17,10.1.1.42,47,44,0,231,0,TRUE,0,TRUE,0,TRUE,850,0,0,0,0,,0,,,,0,,2.13,0,FALSE
273,274,10.1.1.17,10.1.1.9,47,20,245,231,70,FALSE,4,FALSE,0,TRUE,850,126,54.55,14.82,105,83.33,0,0,3.255468778,0.741375242,49,38.89,2.13,6.957746479,FALSE
274,275,10.1.1.17,10.1.1.49,47,18,63,231,22,FALSE,1,FALSE,0,TRUE,850,18,7.79,2.12,10,55.56,0,0,2.067016722,0.633820948,23,127.78,2.13,0.995305164,FALSE
275,276,10.1.1.17,10.1.1.32,47,25,22,231,8,FALSE,0,TRUE,0,TRUE,850,5,2.16,0.59,4,80,0,0,4.177628,1.06643421,9,180,2.13,0.276995305,FALSE
276,277,10.1.1.17,10.1.1.15,47,6,20,231,13,FALSE,5,FALSE,0,TRUE,850,3,1.3,0.35,0,0,0,0,0.347603333,0.180694,4,133.33,2.13,0.164319249,FALSE
277,278,10.1.1.17,10.1.1.10,47,1,0,231,0,TRUE,0,TRUE,0,TRUE,850,0,0,0,0,,0,,,,0,,2.13,0,FALSE
278,279,10.1.1.17,10.1.1.7,47,3,22,231,6,FALSE,0,TRUE,0,TRUE,850,9,3.9,1.06,2,22.22,0,0,1.113676222,1.071811407,7,77.78,2.13,0.497652582,FALSE
279,280,10.1.1.17,10.1.1.40,47,47,0,231,0,TRUE,0,TRUE,0,TRUE,850,0,0,0,0,,0,,,,0,,2.13,0,FALSE
280,281,10.1.1.17,10.1.1.33,47,10,86,231,23,FALSE,1,FALSE,0,TRUE,850,45,19.48,5.29,33,73.33,0,0,3.575962178,1.049471453,18,40,2.13,2.483568075,FALSE
281,282,10.1.1.17,10.1.1.36,47,17,8,231,8,FALSE,0,TRUE,0,TRUE,850,0,0,0,0,,0,,,,0,,2.13,0,FALSE
282,283,10.1.1.17,10.1.1.22,47,39,0,231,0,TRUE,0,TRUE,0,TRUE,850,0,0,0,0,,0,,,,0,,2.13,0,FALSE
283,284,10.1.1.17,10.1.1.35,47,16,0,231,0,TRUE,0,TRUE,0,TRUE,850,0,0,0,0,,0,,,,0,,2.13,0,FALSE
284,285,10.1.1.17,10.1.1.46,47,58,98,231,59,FALSE,3,FALSE,0,TRUE,850,20,8.66,2.35,6,30,0,0,1.56035205,0.736744933,19,95,2.13,1.103286385,FALSE
285,286,10.1.1.17,10.1.1.34,47,44,27,231,19,FALSE,2,FALSE,0,TRUE,850,5,2.16,0.59,4,80,0,0,0.328191,0.109503167,3,60,2.13,0.276995305,FALSE
286,287,10.1.1.17,10.1.1.27,47,34,21,231,9,FALSE,0,TRUE,0,TRUE,850,4,1.73,0.47,3,75,0,0,1.82302825,0.26923125,8,200,2.13,0.220657277,FALSE
287,288,10.1.1.17,10.1.1.37,47,26,87,231,30,FALSE,1,FALSE,0,TRUE,850,37,16.02,4.35,34,91.89,0,0,2.381508054,0.530098957,20,54.05,2.13,2.042253521,FALSE
288,289,10.1.1.17,10.1.1.2,47,39,174,231,90,FALSE,2,FALSE,0,TRUE,850,59,25.54,6.94,42,71.19,0,0,2.007302305,0.651942045,25,42.37,2.13,3.258215962,FALSE
289,290,10.1.1.17,10.1.1.25,47,53,77,231,28,FALSE,1,FALSE,0,TRUE,850,13,5.63,1.53,2,15.38,0,0,1.921309308,0.940723,36,276.92,2.13,0.718309859,FALSE
290,291,10.1.1.17,10.1.1.1,47,41,110,231,56,FALSE,3,FALSE,0,TRUE,850,30,12.99,3.53,18,60,0,0,2.650670333,0.863390519,24,80,2.13,1.657276995,FALSE
291,292,10.1.1.17,10.1.1.14,47,16,0,231,0,TRUE,0,TRUE,0,TRUE,850,0,0,0,0,,0,,,,0,,2.13,0,FALSE
292,293,10.1.1.17,10.1.1.26,47,27,0,231,0,TRUE,0,TRUE,0,TRUE,850,0,0,0,0,,0,,,,0,,2.13,0,FALSE
293,294,10.1.1.17,10.1.1.18,47,13,0,231,0,TRUE,0,TRUE,0,TRUE,850,0,0,0,0,,0,,,,0,,2.13,0,FALSE
294,295,10.1.1.17,10.1.1.20,47,11,0,231,0,TRUE,0,TRUE,0,TRUE,850,0,0,0,0,,0,,,,0,,2.13,0,FALSE
295,296,10.1.1.17,10.1.1.8,47,19,9,231,7,FALSE,0,TRUE,0,TRUE,850,1,0.43,0.12,1,100,0,0,0.034421,0.005736833,1,100,2.13,0.056338028,FALSE
296,297,10.1.1.17,10.1.1.38,47,21,60,231,25,FALSE,0,TRUE,0,TRUE,850,18,7.79,2.12,11,61.11,0,0,2.373436333,0.66952225,17,94.44,2.13,0.995305164,FALSE
297,298,10.1.1.17,10.1.1.39,47,4,0,231,0,TRUE,0,TRUE,0,TRUE,850,0,0,0,0,,0,,,,0,,2.13,0,FALSE
298,299,10.1.1.17,10.1.1.31,47,10,12,231,6,FALSE,0,TRUE,0,TRUE,850,3,1.3,0.35,3,100,0,0,0.027943667,0.005588733,3,100,2.13,0.164319249,FALSE
299,300,10.1.1.17,10.1.1.4,47,26,104,231,0,TRUE,0,TRUE,0,TRUE,231,231,100,100,0,0,231,100,2.629323968,0.680453461,0,0,2.13,46.94835681,TRUE
300,301,10.1.1.17,10.1.1.29,47,28,289,231,122,FALSE,0,TRUE,0,TRUE,850,96,41.56,11.29,82,85.42,0,0,3.116886344,0.667333029,71,73.96,2.13,5.300469484,FALSE
301,302,10.1.1.17,10.1.1.3,47,8,100,231,0,TRUE,0,TRUE,0,TRUE,231,231,100,100,0,0,231,100,1.856609064,0.744408585,0,0,2.13,46.94835681,TRUE
302,303,10.1.1.17,10.1.1.6,47,5,66,231,26,FALSE,1,FALSE,0,TRUE,850,30,12.99,3.53,19,63.33,0,0,3.315323833,0.944446745,10,33.33,2.13,1.657276995,FALSE
303,304,10.1.1.17,10.1.1.47,47,2,69,231,27,FALSE,0,TRUE,0,TRUE,850,35,15.15,4.12,11,31.43,0,0,2.190474486,0.942824273,7,20,2.13,1.9342723,FALSE
304,305,10.1.1.17,10.1.1.30,47,5,45,231,14,FALSE,0,TRUE,0,TRUE,850,17,7.36,2,17,100,0,0,4.377536,0.859602526,14,82.35,2.13,0.938967136,FALSE
305,306,10.1.1.17,10.1.1.5,47,4,18,231,7,FALSE,0,TRUE,0,TRUE,850,5,2.16,0.59,3,60,0,0,3.1170154,1.52085306,6,120,2.13,0.276995305,FALSE
306,307,10.1.1.17,10.1.1.48,47,10,79,231,22,FALSE,0,TRUE,0,TRUE,850,47,20.35,5.53,42,89.36,0,0,2.111966468,0.477298062,10,21.28,2.13,2.596244131,FALSE
307,308,10.1.1.17,10.1.1.23,47,2,9,231,7,FALSE,0,TRUE,0,TRUE,850,1,0.43,0.12,1,100,0,0,0.011863,0.003954333,1,100,2.13,0.056338028,FALSE
308,309,10.1.1.17,10.1.1.19,47,20,112,231,47,FALSE,4,FALSE,0,TRUE,850,32,13.85,3.76,30,93.75,0,0,3.66174425,0.684853998,33,103.12,2.13,1.765258216,FALSE
309,310,10.1.1.17,10.1.1.11,47,8,75,231,43,FALSE,6,FALSE,0,TRUE,850,10,4.33,1.18,9,90,0,0,3.4464703,0.583885484,22,220,2.13,0.55399061,FALSE
310,311,10.1.1.17,10.1.1.16,47,11,107,231,56,FALSE,21,FALSE,0,TRUE,850,15,6.49,1.76,10,66.67,0,0,1.6104554,0.405883426,36,240,2.13,0.82629108,FALSE
311,312,10.1.1.17,10.1.1.21,47,6,87,231,29,FALSE,1,FALSE,0,TRUE,850,25,10.82,2.94,20,80,0,0,2.38446616,0.419884612,33,132,2.13,1.38028169,FALSE
312,313,10.1.1.17,10.1.1.41,47,2,57,231,25,FALSE,0,TRUE,0,TRUE,850,16,6.93,1.88,11,68.75,0,0,3.231052875,0.39432778,16,100,2.13,0.882629108,FALSE
313,314,10.1.1.17,10.1.1.24,47,14,90,231,32,FALSE,3,FALSE,0,TRUE,850,32,13.85,3.76,24,75,0,0,1.882616,0.429054874,26,81.25,2.13,1.765258216,FALSE
314,315,10.1.1.17,10.1.1.12,47,10,40,231,0,TRUE,0,TRUE,0,TRUE,231,231,100,100,0,0,231,100,1.8288694,0.476761452,0,0,2.13,46.94835681,TRUE
315,316,10.1.1.17,10.1.1.28,47,3,6,231,6,FALSE,0,TRUE,0,TRUE,850,0,0,0,0,,0,,,,0,,2.13,0,FALSE
316,317,10.1.1.17,10.1.1.13,47,11,47,231,37,FALSE,5,FALSE,0,TRUE,850,2,0.87,0.24,0,0,0,0,0.0059355,0.00296775,8,400,2.13,0.112676056,FALSE
317,318,10.1.1.17,10.1.1.45,47,12,38,231,23,FALSE,0,TRUE,0,TRUE,850,1,0.43,0.12,0,0,0,0,4.814651,2.4073255,14,1400,2.13,0.056338028,FALSE
318,319,10.1.1.17,10.1.1.44,47,14,53,231,31,FALSE,0,TRUE,0,TRUE,850,7,3.03,0.82,1,14.29,0,0,1.740691857,0.71199681,15,214.29,2.13,0.384976526,FALSE
319,320,10.1.1.1,10.1.1.45,48,16,13,217,13,FALSE,0,TRUE,0,TRUE,874,0,0,0,0,,0,,,,0,,2.08,0,FALSE
320,321,10.1.1.1,10.1.1.2,48,141,378,217,187,FALSE,2,FALSE,0,TRUE,874,140,64.52,16.02,91,65,0,0,2.639295529,0.813159192,51,36.43,2.08,7.701923077,FALSE
321,322,10.1.1.1,10.1.1.3,48,18,71,217,0,TRUE,0,TRUE,0,TRUE,217,217,100,100,0,0,217,100,1.498071032,0.678532597,0,0,2.08,48.07692308,TRUE
322,323,10.1.1.1,10.1.1.50,48,6,0,217,0,TRUE,0,TRUE,0,TRUE,874,0,0,0,0,,0,,,,0,,2.08,0,FALSE
323,324,10.1.1.1,10.1.1.41,48,16,145,217,52,FALSE,0,TRUE,0,TRUE,874,46,21.2,5.26,37,80.43,0,0,2.639207957,0.361999518,47,102.17,2.08,2.528846154,FALSE
324,325,10.1.1.1,10.1.1.47,48,16,34,217,12,FALSE,0,TRUE,0,TRUE,874,15,6.91,1.72,4,26.67,0,0,2.228613533,1.111798889,7,46.67,2.08,0.826923077,FALSE
325,326,10.1.1.1,10.1.1.18,48,13,7,217,7,FALSE,1,FALSE,0,TRUE,874,0,0,0,0,,0,,,,0,,2.08,0,FALSE
326,327,10.1.1.1,10.1.1.44,48,10,8,217,6,FALSE,0,TRUE,0,TRUE,874,0,0,0,0,,0,,,,2,,2.08,0,FALSE
327,328,10.1.1.1,10.1.1.43,48,10,10,217,5,FALSE,0,TRUE,0,TRUE,874,0,0,0,0,,0,,,,5,,2.08,0,FALSE
328,329,10.1.1.1,10.1.1.15,48,11,44,217,25,FALSE,7,FALSE,0,TRUE,874,8,3.69,0.92,1,12.5,0,0,0.667609,0.336605458,11,137.5,2.08,0.442307692,FALSE
329,330,10.1.1.1,10.1.1.10,48,20,52,217,19,FALSE,0,TRUE,0,TRUE,874,10,4.61,1.14,10,100,0,0,3.9856617,0.662238968,23,230,2.08,0.548076923,FALSE
330,331,10.1.1.1,10.1.1.7,48,6,16,217,9,FALSE,0,TRUE,0,TRUE,874,6,2.76,0.69,1,16.67,0,0,0.126362667,0.063960556,1,16.67,2.08,0.331730769,FALSE
331,332,10.1.1.1,10.1.1.28,48,16,26,217,14,FALSE,0,TRUE,0,TRUE,874,5,2.3,0.57,0,0,0,0,1.2765982,0.639881,7,140,2.08,0.274038462,FALSE
332,333,10.1.1.1,10.1.1.37,48,45,9,217,4,FALSE,0,TRUE,0,TRUE,874,4,1.84,0.46,4,100,0,0,4.92637825,0.447852568,1,25,2.08,0.221153846,FALSE
333,334,10.1.1.1,10.1.1.5,48,9,8,217,3,FALSE,0,TRUE,0,TRUE,874,2,0.92,0.23,1,50,0,0,0.007652,0.003592917,3,150,2.08,0.110576923,FALSE
334,335,10.1.1.1,10.1.1.38,48,20,78,217,32,FALSE,0,TRUE,0,TRUE,874,25,11.52,2.86,11,44,0,0,1.83681216,0.544983355,21,84,2.08,1.375,FALSE
335,336,10.1.1.1,10.1.1.6,48,9,46,217,23,FALSE,0,TRUE,0,TRUE,874,17,7.83,1.95,5,29.41,0,0,1.821239471,0.530226374,6,35.29,2.08,0.9375,FALSE
336,337,10.1.1.1,10.1.1.33,48,11,55,217,19,FALSE,0,TRUE,0,TRUE,874,20,9.22,2.29,13,65,0,0,2.6891854,1.024176783,16,80,2.08,1.100961538,FALSE
337,338,10.1.1.1,10.1.1.8,48,14,48,217,24,FALSE,0,TRUE,0,TRUE,874,15,6.91,1.72,12,80,0,0,3.675996067,0.795009106,9,60,2.08,0.826923077,FALSE
338,339,10.1.1.1,10.1.1.39,48,9,7,217,7,FALSE,0,TRUE,0,TRUE,874,0,0,0,0,,0,,,,0,,2.08,0,FALSE
339,340,10.1.1.1,10.1.1.16,48,15,117,217,64,FALSE,24,FALSE,0,TRUE,874,20,9.22,2.29,15,75,0,0,1.6460024,0.355427472,33,165,2.08,1.100961538,FALSE
340,341,10.1.1.1,10.1.1.29,48,29,200,217,78,FALSE,0,TRUE,0,TRUE,874,66,30.41,7.55,59,89.39,0,0,3.177987409,0.607986216,56,84.85,2.08,3.629807692,FALSE
341,342,10.1.1.1,10.1.1.14,48,61,0,217,0,TRUE,0,TRUE,0,TRUE,874,0,0,0,0,,0,,,,0,,2.08,0,FALSE
342,343,10.1.1.1,10.1.1.27,48,42,18,217,11,FALSE,0,TRUE,0,TRUE,874,3,1.38,0.34,3,100,0,0,4.06848,0.581211429,4,133.33,2.08,0.163461538,FALSE
343,344,10.1.1.1,10.1.1.49,48,18,78,217,31,FALSE,2,FALSE,0,TRUE,874,22,10.14,2.52,12,54.55,0,0,2.367641864,0.681908117,25,113.64,2.08,1.211538462,FALSE
344,345,10.1.1.1,10.1.1.26,48,44,27,217,14,FALSE,0,TRUE,0,TRUE,874,8,3.69,0.92,7,87.5,0,0,4.21772725,0.564351283,5,62.5,2.08,0.442307692,FALSE
345,346,10.1.1.1,10.1.1.25,48,65,126,217,59,FALSE,1,FALSE,0,TRUE,874,24,11.06,2.75,4,16.67,0,0,2.324052208,1.082421319,43,179.17,2.08,1.322115385,FALSE
346,347,10.1.1.1,10.1.1.9,48,25,121,217,53,FALSE,1,FALSE,0,TRUE,874,42,19.35,4.81,31,73.81,0,0,2.21855819,0.548747312,26,61.9,2.08,2.3125,FALSE
347,348,10.1.1.1,10.1.1.32,48,12,81,217,25,FALSE,1,FALSE,0,TRUE,874,23,10.6,2.63,21,91.3,0,0,2.707489,0.510706564,33,143.48,2.08,1.264423077,FALSE
348,349,10.1.1.1,10.1.1.36,48,7,0,217,0,TRUE,0,TRUE,0,TRUE,874,0,0,0,0,,0,,,,0,,2.08,0,FALSE
349,350,10.1.1.1,10.1.1.34,48,23,21,217,18,FALSE,2,FALSE,0,TRUE,874,3,1.38,0.34,1,33.33,0,0,0.008511667,0.003372,0,0,2.08,0.163461538,FALSE
350,351,10.1.1.1,10.1.1.17,48,42,260,217,102,FALSE,38,FALSE,0,TRUE,874,79,36.41,9.04,44,55.7,0,0,1.957814304,0.607647261,79,100,2.08,4.346153846,FALSE
351,352,10.1.1.1,10.1.1.22,48,28,37,217,15,FALSE,0,TRUE,0,TRUE,874,8,3.69,0.92,6,75,0,0,1.401100375,0.528333271,14,175,2.08,0.442307692,FALSE
352,353,10.1.1.1,10.1.1.42,48,37,8,217,8,FALSE,0,TRUE,0,TRUE,874,0,0,0,0,,0,,,,0,,2.08,0,FALSE
353,354,10.1.1.1,10.1.1.46,48,16,96,217,57,FALSE,3,FALSE,0,TRUE,874,24,11.06,2.75,5,20.83,0,0,1.52745725,1.027869918,15,62.5,2.08,1.322115385,FALSE
354,355,10.1.1.1,10.1.1.40,48,10,0,217,0,TRUE,0,TRUE,0,TRUE,874,0,0,0,0,,0,,,,0,,2.08,0,FALSE
355,356,10.1.1.1,10.1.1.20,48,7,15,217,15,FALSE,8,FALSE,0,TRUE,874,0,0,0,0,,0,,,,0,,2.08,0,FALSE
356,357,10.1.1.1,10.1.1.31,48,8,36,217,15,FALSE,0,TRUE,0,TRUE,874,10,4.61,1.14,8,80,0,0,4.2926989,0.828970738,11,110,2.08,0.548076923,FALSE
357,358,10.1.1.1,10.1.1.4,48,8,79,217,0,TRUE,0,TRUE,0,TRUE,217,217,100,100,0,0,217,100,2.274452577,0.612574282,0,0,2.08,48.07692308,TRUE
358,359,10.1.1.1,10.1.1.30,48,4,24,217,9,FALSE,0,TRUE,0,TRUE,874,5,2.3,0.57,5,100,0,0,4.4067964,0.718193621,10,200,2.08,0.274038462,FALSE
359,360,10.1.1.1,10.1.1.48,48,17,100,217,33,FALSE,0,TRUE,0,TRUE,874,48,22.12,5.49,47,97.92,0,0,3.136147292,0.619710626,19,39.58,2.08,2.639423077,FALSE
360,361,10.1.1.1,10.1.1.23,48,4,11,217,7,FALSE,0,TRUE,0,TRUE,874,2,0.92,0.23,1,50,0,0,0.006367,0.002412333,2,100,2.08,0.110576923,FALSE
361,362,10.1.1.1,10.1.1.19,48,14,108,217,37,FALSE,4,FALSE,0,TRUE,874,36,16.59,4.12,34,94.44,0,0,3.456344667,0.725620224,35,97.22,2.08,1.980769231,FALSE
362,363,10.1.1.1,10.1.1.11,48,4,106,217,53,FALSE,7,FALSE,0,TRUE,874,21,9.68,2.4,20,95.24,0,0,3.572192286,0.643763198,32,152.38,2.08,1.153846154,FALSE
363,364,10.1.1.1,10.1.1.21,48,6,96,217,38,FALSE,1,FALSE,0,TRUE,874,26,11.98,2.97,21,80.77,0,0,2.620197346,0.453136208,32,123.08,2.08,1.427884615,FALSE
364,365,10.1.1.1,10.1.1.24,48,9,108,217,45,FALSE,6,FALSE,0,TRUE,874,32,14.75,3.66,25,78.12,0,0,2.112927219,0.47276931,31,96.88,2.08,1.759615385,FALSE
365,366,10.1.1.1,10.1.1.12,48,8,27,217,0,TRUE,0,TRUE,0,TRUE,217,217,100,100,0,0,217,100,3.50554,0.500791429,0,0,2.08,48.07692308,TRUE
366,367,10.1.1.1,10.1.1.13,48,6,18,217,17,FALSE,3,FALSE,0,TRUE,874,1,0.46,0.11,1,100,0,0,1.699199,0.42479975,0,0,2.08,0.052884615,FALSE
367,368,10.1.1.2,10.1.1.45,42,40,0,183,0,TRUE,0,TRUE,0,TRUE,789,0,0,0,0,,0,,,,0,,2.38,0,FALSE
368,369,10.1.1.2,10.1.1.37,42,15,87,183,27,FALSE,1,FALSE,0,TRUE,789,42,22.95,5.32,37,88.1,0,0,2.730601381,0.562512145,18,42.86,2.38,2.235294118,FALSE
369,370,10.1.1.2,10.1.1.3,42,150,314,183,0,TRUE,0,TRUE,0,TRUE,183,183,100,100,0,0,183,100,1.529999763,0.570118902,0,0,2.38,42.01680672,TRUE
370,371,10.1.1.2,10.1.1.12,42,14,0,183,0,TRUE,0,TRUE,0,TRUE,183,183,100,100,0,0,183,100,,,0,0,2.38,42.01680672,TRUE
371,372,10.1.1.2,10.1.1.41,42,17,0,183,0,TRUE,0,TRUE,0,TRUE,789,0,0,0,0,,0,,,,0,,2.38,0,FALSE
372,373,10.1.1.2,10.1.1.1,42,50,91,183,55,FALSE,3,FALSE,0,TRUE,789,17,9.29,2.15,2,11.76,0,0,1.121563353,0.7520885,19,111.76,2.38,0.903361345,FALSE
373,374,10.1.1.2,10.1.1.50,42,14,0,183,0,TRUE,0,TRUE,0,TRUE,789,0,0,0,0,,0,,,,0,,2.38,0,FALSE
374,375,10.1.1.2,10.1.1.31,42,82,58,183,18,FALSE,0,TRUE,0,TRUE,789,22,12.02,2.79,15,68.18,0,0,1.882856727,0.320520228,18,81.82,2.38,1.172268908,FALSE
375,376,10.1.1.2,10.1.1.27,42,32,16,183,12,FALSE,0,TRUE,0,TRUE,789,1,0.55,0.13,1,100,0,0,0.01997,0.006656667,3,300,2.38,0.054621849,FALSE
376,377,10.1.1.2,10.1.1.18,42,47,44,183,26,FALSE,16,FALSE,0,TRUE,789,8,4.37,1.01,5,62.5,0,0,1.817581875,0.407570235,10,125,2.38,0.424369748,FALSE
377,378,10.1.1.2,10.1.1.44,42,41,0,183,0,TRUE,0,TRUE,0,TRUE,789,0,0,0,0,,0,,,,0,,2.38,0,FALSE
378,379,10.1.1.2,10.1.1.21,42,4,0,183,0,TRUE,0,TRUE,0,TRUE,789,0,0,0,0,,0,,,,0,,2.38,0,FALSE
379,380,10.1.1.2,10.1.1.43,42,40,127,183,52,FALSE,1,FALSE,0,TRUE,789,44,24.04,5.58,34,77.27,0,0,1.888241455,0.516806248,31,70.45,2.38,2.344537815,FALSE
380,381,10.1.1.2,10.1.1.20,42,33,1,183,1,FALSE,0,TRUE,0,TRUE,789,0,0,0,0,,0,,,,0,,2.38,0,FALSE
381,382,10.1.1.2,10.1.1.15,42,8,0,183,0,TRUE,0,TRUE,0,TRUE,789,0,0,0,0,,0,,,,0,,2.38,0,FALSE
382,383,10.1.1.2,10.1.1.8,42,12,17,183,14,FALSE,4,FALSE,0,TRUE,789,3,1.64,0.38,2,66.67,0,0,1.056922333,0.585334778,0,0,2.38,0.159663866,FALSE
383,384,10.1.1.2,10.1.1.7,42,21,0,183,0,TRUE,0,TRUE,0,TRUE,789,0,0,0,0,,0,,,,0,,2.38,0,FALSE
384,385,10.1.1.2,10.1.1.30,42,53,127,183,51,FALSE,1,FALSE,0,TRUE,789,37,20.22,4.69,23,62.16,0,0,1.494973973,0.395685045,39,105.41,2.38,1.970588235,FALSE
385,386,10.1.1.2,10.1.1.33,42,42,177,183,66,FALSE,2,FALSE,0,TRUE,789,68,37.16,8.62,55,80.88,0,0,2.93934275,0.81083566,43,63.24,2.38,3.621848739,FALSE
386,387,10.1.1.2,10.1.1.5,42,21,79,183,29,FALSE,2,FALSE,0,TRUE,789,36,19.67,4.56,25,69.44,0,0,1.678138889,0.484731651,14,38.89,2.38,1.915966387,FALSE
387,388,10.1.1.2,10.1.1.6,42,29,97,183,47,FALSE,1,FALSE,0,TRUE,789,37,20.22,4.69,18,48.65,0,0,2.81437527,0.999651295,13,35.14,2.38,1.970588235,FALSE
388,389,10.1.1.2,10.1.1.39,42,43,1,183,1,FALSE,0,TRUE,0,TRUE,789,0,0,0,0,,0,,,,0,,2.38,0,FALSE
389,390,10.1.1.2,10.1.1.28,42,23,0,183,0,TRUE,0,TRUE,0,TRUE,789,0,0,0,0,,0,,,,0,,2.38,0,FALSE
390,391,10.1.1.2,10.1.1.47,42,65,202,183,83,FALSE,0,TRUE,0,TRUE,789,72,39.34,9.13,40,55.56,0,0,1.802099278,0.648939536,47,65.28,2.38,3.836134454,FALSE
391,392,10.1.1.2,10.1.1.49,42,15,0,183,0,TRUE,0,TRUE,0,TRUE,789,0,0,0,0,,0,,,,0,,2.38,0,FALSE
392,393,10.1.1.2,10.1.1.32,42,40,59,183,17,FALSE,1,FALSE,0,TRUE,789,24,13.11,3.04,22,91.67,0,0,1.402327458,0.413614475,18,75,2.38,1.277310924,FALSE
393,394,10.1.1.2,10.1.1.4,42,42,13,183,0,TRUE,0,TRUE,0,TRUE,183,183,100,100,0,0,183,100,0.076212,0.038106,0,0,2.38,42.01680672,TRUE
394,395,10.1.1.2,10.1.1.36,42,12,0,183,0,TRUE,0,TRUE,0,TRUE,789,0,0,0,0,,0,,,,0,,2.38,0,FALSE
395,396,10.1.1.2,10.1.1.16,42,24,0,183,0,TRUE,0,TRUE,0,TRUE,789,0,0,0,0,,0,,,,0,,2.38,0,FALSE
396,397,10.1.1.2,10.1.1.10,42,19,0,183,0,TRUE,0,TRUE,0,TRUE,789,0,0,0,0,,0,,,,0,,2.38,0,FALSE
397,398,10.1.1.2,10.1.1.9,42,25,105,183,30,FALSE,4,FALSE,0,TRUE,789,64,34.97,8.11,53,82.81,0,0,3.3969655,0.813679863,11,17.19,2.38,3.407563025,FALSE
398,399,10.1.1.2,10.1.1.29,42,9,56,183,26,FALSE,0,TRUE,0,TRUE,789,20,10.93,2.53,16,80,0,0,2.61960635,0.691861664,10,50,2.38,1.06302521,FALSE
399,400,10.1.1.2,10.1.1.34,42,9,29,183,11,FALSE,0,TRUE,0,TRUE,789,12,6.56,1.52,11,91.67,0,0,2.61036775,0.76610899,6,50,2.38,0.638655462,FALSE
400,401,10.1.1.2,10.1.1.17,42,6,145,183,51,FALSE,27,FALSE,0,TRUE,789,53,28.96,6.72,19,35.85,0,0,1.729774981,0.680236347,41,77.36,2.38,2.823529412,FALSE
401,402,10.1.1.2,10.1.1.46,42,11,80,183,44,FALSE,3,FALSE,0,TRUE,789,21,11.48,2.66,5,23.81,0,0,1.762990905,1.183577949,15,71.43,2.38,1.117647059,FALSE
402,403,10.1.1.2,10.1.1.38,42,20,91,183,48,FALSE,0,TRUE,0,TRUE,789,22,12.02,2.79,12,54.55,0,0,2.211780227,0.57877745,21,95.45,2.38,1.172268908,FALSE
403,404,10.1.1.2,10.1.1.25,42,10,65,183,32,FALSE,1,FALSE,0,TRUE,789,15,8.2,1.9,2,13.33,0,0,2.912530533,1.399303702,18,120,2.38,0.798319328,FALSE
404,405,10.1.1.2,10.1.1.22,42,18,71,183,35,FALSE,0,TRUE,0,TRUE,789,16,8.74,2.03,9,56.25,0,0,0.869955687,0.195383237,20,125,2.38,0.852941176,FALSE
405,406,10.1.1.2,10.1.1.26,42,9,27,183,20,FALSE,0,TRUE,0,TRUE,789,2,1.09,0.25,1,50,0,0,1.018661,0.424047667,5,250,2.38,0.105042017,FALSE
406,407,10.1.1.2,10.1.1.23,42,18,59,183,34,FALSE,0,TRUE,0,TRUE,789,7,3.83,0.89,1,14.29,0,0,0.978042429,0.488815786,18,257.14,2.38,0.37394958,FALSE
407,408,10.1.1.2,10.1.1.14,42,10,42,183,25,FALSE,16,FALSE,0,TRUE,789,12,6.56,1.52,11,91.67,0,0,1.502102417,0.397379168,5,41.67,2.38,0.638655462,FALSE
408,409,10.1.1.2,10.1.1.42,42,5,11,183,6,FALSE,1,FALSE,0,TRUE,789,2,1.09,0.25,1,50,0,0,1.017683,0.340207167,3,150,2.38,0.105042017,FALSE
409,410,10.1.1.5,10.1.1.33,42,53,18,136,9,FALSE,0,TRUE,0,TRUE,447,0,0,0,0,,0,,,,9,,2.38,0,FALSE
410,411,10.1.1.5,10.1.1.9,42,22,41,136,14,FALSE,1,FALSE,0,TRUE,447,24,17.65,5.37,17,70.83,0,0,3.385488333,1.031055787,3,12.5,2.38,2.256302521,FALSE
411,412,10.1.1.5,10.1.1.6,42,157,220,136,105,FALSE,1,FALSE,0,TRUE,447,91,66.91,20.36,48,52.75,0,0,2.464274022,0.643499562,24,26.37,2.38,8.554621849,FALSE
412,413,10.1.1.5,10.1.1.14,42,40,22,136,16,FALSE,15,FALSE,0,TRUE,447,3,2.21,0.67,1,33.33,0,0,0.760093333,0.268277444,3,100,2.38,0.281512605,FALSE
413,414,10.1.1.5,10.1.1.10,42,54,0,136,0,TRUE,0,TRUE,0,TRUE,447,0,0,0,0,,0,,,,0,,2.38,0,FALSE
414,415,10.1.1.5,10.1.1.15,42,15,0,136,0,TRUE,0,TRUE,0,TRUE,447,0,0,0,0,,0,,,,0,,2.38,0,FALSE
415,416,10.1.1.5,10.1.1.7,42,19,0,136,0,TRUE,0,TRUE,0,TRUE,447,0,0,0,0,,0,,,,0,,2.38,0,FALSE
416,417,10.1.1.5,10.1.1.29,42,32,49,136,28,FALSE,0,TRUE,0,TRUE,447,15,11.03,3.36,13,86.67,0,0,2.8580892,0.687608125,6,40,2.38,1.411764706,FALSE
417,418,10.1.1.5,10.1.1.43,42,7,0,136,0,TRUE,0,TRUE,0,TRUE,447,0,0,0,0,,0,,,,0,,2.38,0,FALSE
418,419,10.1.1.5,10.1.1.8,42,56,15,136,13,FALSE,0,TRUE,0,TRUE,447,2,1.47,0.45,0,0,0,0,1.782235,1.782235,0,0,2.38,0.18907563,FALSE
419,420,10.1.1.5,10.1.1.39,42,70,43,136,25,FALSE,0,TRUE,0,TRUE,447,7,5.15,1.57,1,14.29,0,0,1.440577286,0.720185738,11,157.14,2.38,0.659663866,FALSE
420,421,10.1.1.5,10.1.1.36,42,8,0,136,0,TRUE,0,TRUE,0,TRUE,447,0,0,0,0,,0,,,,0,,2.38,0,FALSE
421,422,10.1.1.5,10.1.1.35,42,9,0,136,0,TRUE,0,TRUE,0,TRUE,447,0,0,0,0,,0,,,,0,,2.38,0,FALSE
422,423,10.1.1.5,10.1.1.28,42,42,0,136,0,TRUE,0,TRUE,0,TRUE,447,0,0,0,0,,0,,,,0,,2.38,0,FALSE
423,424,10.1.1.5,10.1.1.46,42,20,75,136,39,FALSE,3,FALSE,0,TRUE,447,24,17.65,5.37,5,20.83,0,0,1.543466292,1.036056269,12,50,2.38,2.256302521,FALSE
424,425,10.1.1.5,10.1.1.26,42,14,10,136,3,FALSE,0,TRUE,0,TRUE,447,0,0,0,0,,0,,,,7,,2.38,0,FALSE
425,426,10.1.1.5,10.1.1.38,42,26,78,136,29,FALSE,0,TRUE,0,TRUE,447,26,19.12,5.82,11,42.31,0,0,1.797866115,0.541592338,23,88.46,2.38,2.445378151,FALSE
426,427,10.1.1.5,10.1.1.34,42,17,28,136,10,FALSE,0,TRUE,0,TRUE,447,12,8.82,2.68,11,91.67,0,0,2.60967525,0.765878171,6,50,2.38,1.12605042,FALSE
427,428,10.1.1.5,10.1.1.16,42,50,0,136,0,TRUE,0,TRUE,0,TRUE,447,0,0,0,0,,0,,,,0,,2.38,0,FALSE
428,429,10.1.1.5,10.1.1.25,42,17,64,136,30,FALSE,1,FALSE,0,TRUE,447,14,10.29,3.13,2,14.29,0,0,2.521976357,1.242426667,20,142.86,2.38,1.31512605,FALSE
429,430,10.1.1.5,10.1.1.37,42,15,63,136,18,FALSE,1,FALSE,0,TRUE,447,30,22.06,6.71,27,90,0,0,2.610612333,0.572984467,15,50,2.38,2.819327731,FALSE
430,431,10.1.1.5,10.1.1.2,42,8,47,136,23,FALSE,0,TRUE,0,TRUE,447,18,13.24,4.03,9,50,0,0,3.815278444,1.598401542,6,33.33,2.38,1.693277311,FALSE
431,432,10.1.1.5,10.1.1.27,42,20,5,136,5,FALSE,0,TRUE,0,TRUE,447,0,0,0,0,,0,,,,0,,2.38,0,FALSE
432,433,10.1.1.5,10.1.1.1,42,20,77,136,40,FALSE,3,FALSE,0,TRUE,447,17,12.5,3.8,4,23.53,0,0,1.223103118,0.802582377,20,117.65,2.38,1.596638655,FALSE
433,434,10.1.1.5,10.1.1.44,42,11,0,136,0,TRUE,0,TRUE,0,TRUE,447,0,0,0,0,,0,,,,0,,2.38,0,FALSE
434,435,10.1.1.5,10.1.1.18,42,23,36,136,15,FALSE,7,FALSE,0,TRUE,447,14,10.29,3.13,14,100,0,0,3.929281357,0.587089213,7,50,2.38,1.31512605,FALSE
435,436,10.1.1.5,10.1.1.20,42,32,16,136,16,FALSE,0,TRUE,0,TRUE,447,0,0,0,0,,0,,,,0,,2.38,0,FALSE
436,437,10.1.1.5,10.1.1.3,42,30,141,136,0,TRUE,0,TRUE,0,TRUE,136,136,100,100,0,0,136,100,1.509058982,0.568240472,0,0,2.38,42.01680672,TRUE
437,438,10.1.1.5,10.1.1.30,42,18,4,136,1,FALSE,0,TRUE,0,TRUE,447,2,1.47,0.45,2,100,0,0,2.477993,0.61949825,1,50,2.38,0.18907563,FALSE
438,439,10.1.1.5,10.1.1.4,42,21,9,136,0,TRUE,0,TRUE,0,TRUE,136,136,100,100,0,0,136,100,,,0,0,2.38,42.01680672,TRUE
439,440,10.1.1.5,10.1.1.19,42,24,0,136,0,TRUE,0,TRUE,0,TRUE,447,0,0,0,0,,0,,,,0,,2.38,0,FALSE
440,441,10.1.1.5,10.1.1.45,42,18,0,136,0,TRUE,0,TRUE,0,TRUE,447,0,0,0,0,,0,,,,0,,2.38,0,FALSE
441,442,10.1.1.5,10.1.1.21,42,19,0,136,0,TRUE,0,TRUE,0,TRUE,447,0,0,0,0,,0,,,,0,,2.38,0,FALSE
442,443,10.1.1.5,10.1.1.48,42,12,0,136,0,TRUE,0,TRUE,0,TRUE,447,0,0,0,0,,0,,,,0,,2.38,0,FALSE
443,444,10.1.1.5,10.1.1.49,42,13,0,136,0,TRUE,0,TRUE,0,TRUE,447,0,0,0,0,,0,,,,0,,2.38,0,FALSE
444,445,10.1.1.5,10.1.1.50,42,8,0,136,0,TRUE,0,TRUE,0,TRUE,447,0,0,0,0,,0,,,,0,,2.38,0,FALSE
445,446,10.1.1.5,10.1.1.32,42,22,4,136,4,FALSE,0,TRUE,0,TRUE,447,0,0,0,0,,0,,,,0,,2.38,0,FALSE
446,447,10.1.1.5,10.1.1.47,42,5,72,136,32,FALSE,0,TRUE,0,TRUE,447,36,26.47,8.05,14,38.89,0,0,2.003913861,0.815869499,4,11.11,2.38,3.382352941,FALSE
447,448,10.1.1.5,10.1.1.17,42,6,106,136,41,FALSE,22,FALSE,0,TRUE,447,38,27.94,8.5,9,23.68,0,0,2.249280658,0.893395515,27,71.05,2.38,3.571428571,FALSE
448,449,10.1.1.5,10.1.1.22,42,16,35,136,26,FALSE,0,TRUE,0,TRUE,447,3,2.21,0.67,2,66.67,0,0,2.002772333,0.401177911,6,200,2.38,0.281512605,FALSE
449,450,10.1.1.5,10.1.1.31,42,7,44,136,18,FALSE,0,TRUE,0,TRUE,447,15,11.03,3.36,14,93.33,0,0,3.086657933,0.515922723,11,73.33,2.38,1.411764706,FALSE
450,451,10.1.1.5,10.1.1.23,42,0,10,136,7,FALSE,0,TRUE,0,TRUE,447,1,0.74,0.22,0,0,0,0,0.013223,0.0066115,2,200,2.38,0.092436975,FALSE
451,452,10.1.1.6,10.1.1.33,43,46,20,225,3,FALSE,0,TRUE,0,TRUE,360,14,6.22,3.89,10,71.43,0,0,3.235556357,0.390687227,3,21.43,2.33,1.669527897,FALSE
452,453,10.1.1.6,10.1.1.9,43,10,0,225,0,TRUE,0,TRUE,0,TRUE,360,0,0,0,0,,0,,,,0,,2.33,0,FALSE
453,454,10.1.1.6,10.1.1.17,43,3,34,225,12,FALSE,2,FALSE,0,TRUE,360,5,2.22,1.39,4,80,0,0,0.3441974,0.080576667,17,340,2.33,0.596566524,FALSE
454,455,10.1.1.6,10.1.1.49,43,45,83,225,35,FALSE,0,TRUE,0,TRUE,360,29,12.89,8.06,18,62.07,0,0,3.000823931,0.734769152,19,65.52,2.33,3.459227468,FALSE
455,456,10.1.1.6,10.1.1.14,43,23,11,225,11,FALSE,6,FALSE,0,TRUE,360,0,0,0,0,,0,,,,0,,2.33,0,FALSE
456,457,10.1.1.6,10.1.1.10,43,31,0,225,0,TRUE,0,TRUE,0,TRUE,360,0,0,0,0,,0,,,,0,,2.33,0,FALSE
457,458,10.1.1.6,10.1.1.43,43,29,0,225,0,TRUE,0,TRUE,0,TRUE,360,0,0,0,0,,0,,,,0,,2.33,0,FALSE
458,459,10.1.1.6,10.1.1.15,43,18,114,225,87,FALSE,18,FALSE,0,TRUE,360,15,6.67,4.17,9,60,0,0,1.745480867,0.409854712,12,80,2.33,1.789699571,FALSE
459,460,10.1.1.6,10.1.1.7,43,145,298,225,202,FALSE,0,TRUE,0,TRUE,360,65,28.89,18.06,34,52.31,0,0,2.045104138,0.6518381,31,47.69,2.33,7.751072961,FALSE
460,461,10.1.1.6,10.1.1.29,43,16,24,225,10,FALSE,0,TRUE,0,TRUE,360,4,1.78,1.11,3,75,0,0,2.214667,0.230950948,10,250,2.33,0.47639485,FALSE
461,462,10.1.1.6,10.1.1.8,43,17,0,225,0,TRUE,0,TRUE,0,TRUE,360,0,0,0,0,,0,,,,0,,2.33,0,FALSE
462,463,10.1.1.6,10.1.1.36,43,24,0,225,0,TRUE,0,TRUE,0,TRUE,360,0,0,0,0,,0,,,,0,,2.33,0,FALSE
463,464,10.1.1.6,10.1.1.35,43,3,0,225,0,TRUE,0,TRUE,0,TRUE,360,0,0,0,0,,0,,,,0,,2.33,0,FALSE
464,465,10.1.1.6,10.1.1.28,43,38,96,225,87,FALSE,0,TRUE,0,TRUE,360,4,1.78,1.11,0,0,0,0,0.2514965,0.126332,5,125,2.33,0.47639485,FALSE
465,466,10.1.1.6,10.1.1.46,43,12,5,225,5,FALSE,0,TRUE,0,TRUE,360,0,0,0,0,,0,,,,0,,2.33,0,FALSE
466,467,10.1.1.6,10.1.1.26,43,12,0,225,0,TRUE,0,TRUE,0,TRUE,360,0,0,0,0,,0,,,,0,,2.33,0,FALSE
467,468,10.1.1.6,10.1.1.38,43,11,0,225,0,TRUE,0,TRUE,0,TRUE,360,0,0,0,0,,0,,,,0,,2.33,0,FALSE
468,469,10.1.1.6,10.1.1.34,43,6,26,225,20,FALSE,0,TRUE,0,TRUE,360,2,0.89,0.56,2,100,0,0,1.4595605,0.152005533,4,200,2.33,0.240343348,FALSE
469,470,10.1.1.6,10.1.1.5,43,7,45,225,22,FALSE,0,TRUE,0,TRUE,360,19,8.44,5.28,19,100,0,0,4.016754474,0.644545902,4,21.05,2.33,2.266094421,FALSE
470,471,10.1.1.6,10.1.1.47,43,20,0,225,0,TRUE,0,TRUE,0,TRUE,360,0,0,0,0,,0,,,,0,,2.33,0,FALSE
471,472,10.1.1.6,10.1.1.2,43,6,22,225,11,FALSE,2,FALSE,0,TRUE,360,8,3.56,2.22,6,75,0,0,1.53077975,0.162575969,3,37.5,2.33,0.9527897,FALSE
472,473,10.1.1.6,10.1.1.3,43,26,0,225,0,TRUE,0,TRUE,0,TRUE,225,225,100,100,0,0,225,100,,,0,0,2.33,42.91845494,TRUE
473,474,10.1.1.6,10.1.1.31,43,26,0,225,0,TRUE,0,TRUE,0,TRUE,360,0,0,0,0,,0,,,,0,,2.33,0,FALSE
474,475,10.1.1.6,10.1.1.39,43,25,0,225,0,TRUE,0,TRUE,0,TRUE,360,0,0,0,0,,0,,,,0,,2.33,0,FALSE
475,476,10.1.1.6,10.1.1.44,43,29,79,225,69,FALSE,0,TRUE,0,TRUE,360,3,1.33,0.83,0,0,0,0,5.755342667,2.877671333,7,233.33,2.33,0.356223176,FALSE
476,477,10.1.1.6,10.1.1.4,43,12,0,225,0,TRUE,0,TRUE,0,TRUE,225,225,100,100,0,0,225,100,,,0,0,2.33,42.91845494,TRUE
477,478,10.1.1.6,10.1.1.30,43,14,12,225,12,FALSE,0,TRUE,0,TRUE,360,0,0,0,0,,0,,,,0,,2.33,0,FALSE
478,479,10.1.1.6,10.1.1.48,43,31,0,225,0,TRUE,0,TRUE,0,TRUE,360,0,0,0,0,,0,,,,0,,2.33,0,FALSE
479,480,10.1.1.6,10.1.1.32,43,10,0,225,0,TRUE,0,TRUE,0,TRUE,360,0,0,0,0,,0,,,,0,,2.33,0,FALSE
480,481,10.1.1.6,10.1.1.50,43,25,42,225,40,FALSE,0,TRUE,0,TRUE,360,0,0,0,0,,0,,,,2,,2.33,0,FALSE
481,482,10.1.1.6,10.1.1.24,43,25,43,225,30,FALSE,1,FALSE,0,TRUE,360,7,3.11,1.94,6,85.71,0,0,2.243539857,0.355966874,6,85.71,2.33,0.832618026,FALSE
482,483,10.1.1.6,10.1.1.23,43,19,9,225,9,FALSE,0,TRUE,0,TRUE,360,0,0,0,0,,0,,,,0,,2.33,0,FALSE
483,484,10.1.1.6,10.1.1.45,43,29,136,225,70,FALSE,0,TRUE,0,TRUE,360,47,20.89,13.06,36,76.6,0,0,3.851766383,0.747729039,19,40.43,2.33,5.605150215,FALSE
484,485,10.1.1.6,10.1.1.21,43,20,55,225,32,FALSE,0,TRUE,0,TRUE,360,15,6.67,4.17,14,93.33,0,0,4.446393267,0.72640563,8,53.33,2.33,1.789699571,FALSE
485,486,10.1.1.6,10.1.1.11,43,2,85,225,42,FALSE,10,FALSE,0,TRUE,360,30,13.33,8.33,29,96.67,0,0,4.317593567,0.681505502,13,43.33,2.33,3.575107296,FALSE
486,487,10.1.1.6,10.1.1.41,43,3,120,225,61,FALSE,0,TRUE,0,TRUE,360,42,18.67,11.67,35,83.33,0,0,3.236375262,0.451360428,17,40.48,2.33,5.008583691,FALSE
487,488,10.1.1.6,10.1.1.12,43,2,58,225,0,TRUE,0,TRUE,0,TRUE,225,225,100,100,0,0,225,100,3.1190257,0.657134569,0,0,2.33,42.91845494,TRUE
488,489,10.1.1.6,10.1.1.13,43,6,77,225,58,FALSE,10,FALSE,0,TRUE,360,12,5.33,3.33,9,75,0,0,1.59452325,0.241236899,7,58.33,2.33,1.429184549,FALSE
489,490,10.1.1.6,10.1.1.19,43,1,29,225,27,FALSE,4,FALSE,0,TRUE,360,2,0.89,0.56,0,0,0,0,0.756447,0.3782235,0,0,2.33,0.240343348,FALSE
490,491,10.1.1.6,10.1.1.16,43,3,69,225,36,FALSE,12,FALSE,0,TRUE,360,9,4,2.5,6,66.67,0,0,0.916326222,0.143916027,24,266.67,2.33,1.072961373,FALSE
491,492,10.1.1.6,10.1.1.25,43,2,3,225,2,FALSE,1,FALSE,0,TRUE,360,0,0,0,0,,0,,,,1,,2.33,0,FALSE
492,493,10.1.1.6,10.1.1.18,43,7,26,225,20,FALSE,3,FALSE,0,TRUE,360,3,1.33,0.83,2,66.67,0,0,2.943875,0.352890801,3,100,2.33,0.356223176,FALSE
493,494,10.1.1.6,10.1.1.22,43,4,50,225,15,FALSE,1,FALSE,0,TRUE,360,15,6.67,4.17,14,93.33,0,0,2.834,0.321388002,20,133.33,2.33,1.789699571,FALSE
494,495,10.1.1.7,10.1.1.9,40,31,0,106,0,TRUE,0,TRUE,0,TRUE,287,0,0,0,0,,0,,,,0,,2.5,0,FALSE
495,496,10.1.1.7,10.1.1.8,40,162,159,106,93,FALSE,4,FALSE,0,TRUE,287,41,38.68,14.29,22,53.66,0,0,1.934244317,0.469235692,25,60.98,2.5,5.716,FALSE
496,497,10.1.1.7,10.1.1.14,40,35,20,106,18,FALSE,12,FALSE,0,TRUE,287,1,0.94,0.35,1,100,0,0,2.256172,0.752057333,1,100,2.5,0.14,FALSE
497,498,10.1.1.7,10.1.1.39,40,79,57,106,40,FALSE,0,TRUE,0,TRUE,287,5,4.72,1.74,1,20,0,0,1.4826728,0.741192333,12,240,2.5,0.696,FALSE
498,499,10.1.1.7,10.1.1.43,40,20,24,106,15,FALSE,0,TRUE,0,TRUE,287,3,2.83,1.05,3,100,0,0,1.939355333,0.646451778,6,200,2.5,0.42,FALSE
499,500,10.1.1.7,10.1.1.15,40,13,0,106,0,TRUE,0,TRUE,0,TRUE,287,0,0,0,0,,0,,,,0,,2.5,0,FALSE
500,501,10.1.1.7,10.1.1.28,40,54,0,106,0,TRUE,0,TRUE,0,TRUE,287,0,0,0,0,,0,,,,0,,2.5,0,FALSE
501,502,10.1.1.7,10.1.1.16,40,48,0,106,0,TRUE,0,TRUE,0,TRUE,287,0,0,0,0,,0,,,,0,,2.5,0,FALSE
502,503,10.1.1.7,10.1.1.46,40,34,14,106,11,FALSE,0,TRUE,0,TRUE,287,1,0.94,0.35,1,100,0,0,4.523739,0.9047478,2,200,2.5,0.14,FALSE
503,504,10.1.1.7,10.1.1.35,40,9,0,106,0,TRUE,0,TRUE,0,TRUE,287,0,0,0,0,,0,,,,0,,2.5,0,FALSE
504,505,10.1.1.7,10.1.1.29,40,50,0,106,0,TRUE,0,TRUE,0,TRUE,287,0,0,0,0,,0,,,,0,,2.5,0,FALSE
505,506,10.1.1.7,10.1.1.36,40,18,0,106,0,TRUE,0,TRUE,0,TRUE,287,0,0,0,0,,0,,,,0,,2.5,0,FALSE
506,507,10.1.1.7,10.1.1.6,40,56,10,106,8,FALSE,0,TRUE,0,TRUE,287,2,1.89,0.7,0,0,0,0,0.745727,0.3728635,0,0,2.5,0.28,FALSE
507,508,10.1.1.7,10.1.1.10,40,63,0,106,0,TRUE,0,TRUE,0,TRUE,287,0,0,0,0,,0,,,,0,,2.5,0,FALSE
508,509,10.1.1.7,10.1.1.26,40,35,113,106,38,FALSE,1,FALSE,0,TRUE,287,31,29.25,10.8,27,87.1,0,0,2.506343484,0.378553497,44,141.94,2.5,4.32,FALSE
509,510,10.1.1.7,10.1.1.38,40,68,17,106,14,FALSE,0,TRUE,0,TRUE,287,1,0.94,0.35,1,100,0,0,1.002304,0.125288,2,200,2.5,0.14,FALSE
510,511,10.1.1.7,10.1.1.5,40,29,10,106,4,FALSE,0,TRUE,0,TRUE,287,4,3.77,1.39,3,75,0,0,2.22873025,0.846594083,2,50,2.5,0.556,FALSE
511,512,10.1.1.7,10.1.1.34,40,14,0,106,0,TRUE,0,TRUE,0,TRUE,287,0,0,0,0,,0,,,,0,,2.5,0,FALSE
512,513,10.1.1.7,10.1.1.33,40,42,42,106,18,FALSE,0,TRUE,0,TRUE,287,17,16.04,5.92,12,70.59,0,0,2.334111176,0.454241982,7,41.18,2.5,2.368,FALSE
513,514,10.1.1.7,10.1.1.2,40,14,78,106,25,FALSE,0,TRUE,0,TRUE,287,42,39.62,14.63,37,88.1,0,0,3.587768095,0.695995448,11,26.19,2.5,5.852,FALSE
514,515,10.1.1.7,10.1.1.25,40,17,44,106,16,FALSE,0,TRUE,0,TRUE,287,5,4.72,1.74,1,20,0,0,3.107503,1.1711289,23,460,2.5,0.696,FALSE
515,516,10.1.1.7,10.1.1.47,40,35,33,106,12,FALSE,0,TRUE,0,TRUE,287,11,10.38,3.83,10,90.91,0,0,4.853994091,0.664006828,10,90.91,2.5,1.532,FALSE
516,517,10.1.1.7,10.1.1.37,40,16,40,106,9,FALSE,0,TRUE,0,TRUE,287,6,5.66,2.09,6,100,0,0,0.155869333,0.038967333,25,416.67,2.5,0.836,FALSE
517,518,10.1.1.7,10.1.1.27,40,20,6,106,3,FALSE,0,TRUE,0,TRUE,287,1,0.94,0.35,1,100,0,0,0.020226,0.006742,2,200,2.5,0.14,FALSE
518,519,10.1.1.7,10.1.1.1,40,25,42,106,23,FALSE,0,TRUE,0,TRUE,287,14,13.21,4.88,12,85.71,0,0,3.646558643,0.693390975,5,35.71,2.5,1.952,FALSE
519,520,10.1.1.7,10.1.1.44,40,23,0,106,0,TRUE,0,TRUE,0,TRUE,287,0,0,0,0,,0,,,,0,,2.5,0,FALSE
520,521,10.1.1.7,10.1.1.3,40,13,16,106,0,TRUE,0,TRUE,0,TRUE,106,106,100,100,0,0,106,100,0.348684333,0.1745285,0,0,2.5,40,TRUE
521,522,10.1.1.7,10.1.1.20,40,73,26,106,26,FALSE,6,FALSE,0,TRUE,287,0,0,0,0,,0,,,,0,,2.5,0,FALSE
522,523,10.1.1.7,10.1.1.49,40,16,0,106,0,TRUE,0,TRUE,0,TRUE,287,0,0,0,0,,0,,,,0,,2.5,0,FALSE
523,524,10.1.1.7,10.1.1.18,40,67,63,106,30,FALSE,1,FALSE,0,TRUE,287,19,17.92,6.62,15,78.95,0,0,3.565632105,0.61182815,14,73.68,2.5,2.648,FALSE
524,525,10.1.1.7,10.1.1.32,40,26,73,106,22,FALSE,1,FALSE,0,TRUE,287,19,17.92,6.62,15,78.95,0,0,1.904283579,0.400431144,32,168.42,2.5,2.648,FALSE
525,526,10.1.1.7,10.1.1.17,40,18,7,106,7,FALSE,5,FALSE,0,TRUE,287,0,0,0,0,,0,,,,0,,2.5,0,FALSE
526,527,10.1.1.7,10.1.1.31,40,40,90,106,46,FALSE,1,FALSE,0,TRUE,287,26,24.53,9.06,21,80.77,0,0,2.472342731,0.47209951,18,69.23,2.5,3.624,FALSE
527,528,10.1.1.7,10.1.1.4,40,22,23,106,0,TRUE,0,TRUE,0,TRUE,106,106,100,100,0,0,106,100,1.006492,0.503246,0,0,2.5,40,TRUE
528,529,10.1.1.7,10.1.1.22,40,26,86,106,42,FALSE,1,FALSE,0,TRUE,287,20,18.87,6.97,12,60,0,0,1.30792345,0.381684775,24,120,2.5,2.788,FALSE
529,530,10.1.1.7,10.1.1.42,40,10,22,106,12,FALSE,0,TRUE,0,TRUE,287,4,3.77,1.39,3,75,0,0,0.6902275,0.188759875,6,150,2.5,0.556,FALSE
530,531,10.1.1.7,10.1.1.40,40,14,10,106,10,FALSE,0,TRUE,0,TRUE,287,0,0,0,0,,0,,,,0,,2.5,0,FALSE
531,532,10.1.1.7,10.1.1.30,40,10,42,106,22,FALSE,0,TRUE,0,TRUE,287,9,8.49,3.14,4,44.44,0,0,2.235530667,0.530503383,11,122.22,2.5,1.256,FALSE
532,533,10.1.1.7,10.1.1.23,40,5,14,106,11,FALSE,0,TRUE,0,TRUE,287,0,0,0,0,,0,,,,3,,2.5,0,FALSE
533,534,10.1.1.7,10.1.1.48,40,1,2,106,0,TRUE,0,TRUE,0,TRUE,287,0,0,0,0,,0,,,,2,,2.5,0,FALSE
534,535,10.1.1.8,10.1.1.9,40,144,485,234,183,FALSE,7,FALSE,0,TRUE,1184,217,92.74,18.33,157,72.35,0,0,2.990408424,0.731221361,85,39.17,2.5,7.332,FALSE
535,536,10.1.1.8,10.1.1.17,40,17,203,234,83,FALSE,36,FALSE,0,TRUE,1184,55,23.5,4.65,35,63.64,0,0,2.563672436,0.802737313,65,118.18,2.5,1.86,FALSE
536,537,10.1.1.8,10.1.1.6,40,27,47,234,18,FALSE,1,FALSE,0,TRUE,1184,23,9.83,1.94,17,73.91,0,0,3.41078487,0.851447867,6,26.09,2.5,0.776,FALSE
537,538,10.1.1.8,10.1.1.43,40,12,101,234,42,FALSE,0,TRUE,0,TRUE,1184,34,14.53,2.87,28,82.35,0,0,3.875183147,0.995377694,25,73.53,2.5,1.148,FALSE
538,539,10.1.1.8,10.1.1.15,40,9,0,234,0,TRUE,0,TRUE,0,TRUE,1184,0,0,0,0,,0,,,,0,,2.5,0,FALSE
539,540,10.1.1.8,10.1.1.7,40,10,0,234,0,TRUE,0,TRUE,0,TRUE,1184,0,0,0,0,,0,,,,0,,2.5,0,FALSE
540,541,10.1.1.8,10.1.1.33,40,29,150,234,46,FALSE,1,FALSE,0,TRUE,1184,79,33.76,6.67,67,84.81,0,0,3.382966671,0.865476273,25,31.65,2.5,2.668,FALSE
541,542,10.1.1.8,10.1.1.49,40,36,0,234,0,TRUE,0,TRUE,0,TRUE,1184,0,0,0,0,,0,,,,0,,2.5,0,FALSE
542,543,10.1.1.8,10.1.1.10,40,67,89,234,40,FALSE,1,FALSE,0,TRUE,1184,17,7.26,1.44,15,88.24,0,0,1.557160471,0.198147932,32,188.24,2.5,0.576,FALSE
543,544,10.1.1.8,10.1.1.39,40,27,0,234,0,TRUE,0,TRUE,0,TRUE,1184,0,0,0,0,,0,,,,0,,2.5,0,FALSE
544,545,10.1.1.8,10.1.1.14,40,44,0,234,0,TRUE,0,TRUE,0,TRUE,1184,0,0,0,0,,0,,,,0,,2.5,0,FALSE
545,546,10.1.1.8,10.1.1.35,40,23,0,234,0,TRUE,0,TRUE,0,TRUE,1184,0,0,0,0,,0,,,,0,,2.5,0,FALSE
546,547,10.1.1.8,10.1.1.36,40,28,0,234,0,TRUE,0,TRUE,0,TRUE,1184,0,0,0,0,,0,,,,0,,2.5,0,FALSE
547,548,10.1.1.8,10.1.1.46,40,21,0,234,0,TRUE,0,TRUE,0,TRUE,1184,0,0,0,0,,0,,,,0,,2.5,0,FALSE
548,549,10.1.1.8,10.1.1.29,40,109,334,234,147,FALSE,0,TRUE,0,TRUE,1184,107,45.73,9.04,93,86.92,0,0,3.018621579,0.66740268,80,74.77,2.5,3.616,FALSE
549,550,10.1.1.8,10.1.1.32,40,40,0,234,0,TRUE,0,TRUE,0,TRUE,1184,0,0,0,0,,0,,,,0,,2.5,0,FALSE
550,551,10.1.1.8,10.1.1.34,40,29,82,234,26,FALSE,1,FALSE,0,TRUE,1184,37,15.81,3.12,31,83.78,0,0,2.661683865,0.757371391,19,51.35,2.5,1.248,FALSE
551,552,10.1.1.8,10.1.1.25,40,35,90,234,39,FALSE,0,TRUE,0,TRUE,1184,18,7.69,1.52,12,66.67,0,0,2.008725,0.287960529,33,183.33,2.5,0.608,FALSE
552,553,10.1.1.8,10.1.1.26,40,30,0,234,0,TRUE,0,TRUE,0,TRUE,1184,0,0,0,0,,0,,,,0,,2.5,0,FALSE
553,554,10.1.1.8,10.1.1.2,40,30,114,234,54,FALSE,0,TRUE,0,TRUE,1184,41,17.52,3.46,31,75.61,0,0,1.876482146,0.48280956,19,46.34,2.5,1.384,FALSE
554,555,10.1.1.8,10.1.1.37,40,20,173,234,61,FALSE,1,FALSE,0,TRUE,1184,76,32.48,6.42,66,86.84,0,0,3.228756934,0.740633136,36,47.37,2.5,2.568,FALSE
555,556,10.1.1.8,10.1.1.27,40,37,40,234,18,FALSE,0,TRUE,0,TRUE,1184,10,4.27,0.84,9,90,0,0,2.3400583,0.293118515,12,120,2.5,0.336,FALSE
556,557,10.1.1.8,10.1.1.38,40,52,0,234,0,TRUE,0,TRUE,0,TRUE,1184,0,0,0,0,,0,,,,0,,2.5,0,FALSE
557,558,10.1.1.8,10.1.1.1,40,12,0,234,0,TRUE,0,TRUE,0,TRUE,1184,0,0,0,0,,0,,,,0,,2.5,0,FALSE
558,559,10.1.1.8,10.1.1.20,40,18,0,234,0,TRUE,0,TRUE,0,TRUE,1184,0,0,0,0,,0,,,,0,,2.5,0,FALSE
559,560,10.1.1.8,10.1.1.18,40,16,0,234,0,TRUE,0,TRUE,0,TRUE,1184,0,0,0,0,,0,,,,0,,2.5,0,FALSE
560,561,10.1.1.8,10.1.1.47,40,30,76,234,40,FALSE,0,TRUE,0,TRUE,1184,29,12.39,2.45,14,48.28,0,0,2.468040828,1.081613283,7,24.14,2.5,0.98,FALSE
561,562,10.1.1.8,10.1.1.31,40,18,0,234,0,TRUE,0,TRUE,0,TRUE,1184,0,0,0,0,,0,,,,0,,2.5,0,FALSE
562,563,10.1.1.8,10.1.1.3,40,25,73,234,0,TRUE,0,TRUE,0,TRUE,234,234,100,100,0,0,234,100,1.832868233,0.662564984,0,0,2.5,40,TRUE
563,564,10.1.1.8,10.1.1.4,40,25,95,234,0,TRUE,0,TRUE,0,TRUE,234,234,100,100,0,0,234,100,2.995734405,0.86272802,0,0,2.5,40,TRUE
564,565,10.1.1.8,10.1.1.48,40,16,236,234,73,FALSE,0,TRUE,0,TRUE,1184,125,53.42,10.56,118,94.4,0,0,3.42801128,0.775632468,38,30.4,2.5,4.224,FALSE
565,566,10.1.1.8,10.1.1.23,40,8,102,234,35,FALSE,0,TRUE,0,TRUE,1184,34,14.53,2.87,32,94.12,0,0,3.648371882,0.805841534,33,97.06,2.5,1.148,FALSE
566,567,10.1.1.8,10.1.1.30,40,1,91,234,27,FALSE,0,TRUE,0,TRUE,1184,44,18.8,3.72,44,100,0,0,4.2857165,0.862197107,20,45.45,2.5,1.488,FALSE
567,568,10.1.1.8,10.1.1.5,40,4,46,234,10,FALSE,0,TRUE,0,TRUE,1184,29,12.39,2.45,27,93.1,0,0,4.118015586,1.05105118,7,24.14,2.5,0.98,FALSE
568,569,10.1.1.8,10.1.1.19,40,19,186,234,71,FALSE,5,FALSE,0,TRUE,1184,64,27.35,5.41,62,96.88,1,1.56,3.354577547,0.661208257,51,79.69,2.5,2.164,FALSE
569,570,10.1.1.8,10.1.1.11,40,5,62,234,29,FALSE,8,FALSE,0,TRUE,1184,20,8.55,1.69,19,95,0,0,3.0914754,0.609619261,13,65,2.5,0.676,FALSE
570,571,10.1.1.8,10.1.1.21,40,10,104,234,37,FALSE,1,FALSE,0,TRUE,1184,32,13.68,2.7,28,87.5,0,0,3.063955,0.507560322,35,109.38,2.5,1.08,FALSE
571,572,10.1.1.8,10.1.1.41,40,10,79,234,28,FALSE,0,TRUE,0,TRUE,1184,20,8.55,1.69,8,40,0,0,0.49981545,0.060408129,31,155,2.5,0.676,FALSE
572,573,10.1.1.8,10.1.1.12,40,7,33,234,0,TRUE,0,TRUE,0,TRUE,234,234,100,100,0,0,234,100,1.951890333,0.623263528,0,0,2.5,40,TRUE
573,574,10.1.1.8,10.1.1.13,40,4,7,234,4,FALSE,0,TRUE,0,TRUE,1184,0,0,0,0,,0,,,,3,,2.5,0,FALSE
574,575,10.1.1.9,10.1.1.33,42,31,36,232,15,FALSE,0,TRUE,0,TRUE,664,17,7.33,2.56,15,88.24,0,0,4.015861412,1.027065436,4,23.53,2.38,1.075630252,FALSE
575,576,10.1.1.9,10.1.1.17,42,1,0,232,0,TRUE,0,TRUE,0,TRUE,664,0,0,0,0,,0,,,,0,,2.38,0,FALSE
576,577,10.1.1.9,10.1.1.49,42,25,58,232,22,FALSE,0,TRUE,0,TRUE,664,23,9.91,3.46,23,100,0,0,2.664108957,0.527181183,13,56.52,2.38,1.453781513,FALSE
577,578,10.1.1.9,10.1.1.6,42,50,0,232,0,TRUE,0,TRUE,0,TRUE,664,0,0,0,0,,0,,,,0,,2.38,0,FALSE
578,579,10.1.1.9,10.1.1.10,42,141,385,232,209,FALSE,1,FALSE,0,TRUE,664,92,39.66,13.86,79,85.87,0,0,2.838714478,0.534675272,84,91.3,2.38,5.823529412,FALSE
579,580,10.1.1.9,10.1.1.15,42,9,0,232,0,TRUE,0,TRUE,0,TRUE,664,0,0,0,0,,0,,,,0,,2.38,0,FALSE
580,581,10.1.1.9,10.1.1.7,42,30,0,232,0,TRUE,0,TRUE,0,TRUE,664,0,0,0,0,,0,,,,0,,2.38,0,FALSE
581,582,10.1.1.9,10.1.1.14,42,34,0,232,0,TRUE,0,TRUE,0,TRUE,664,0,0,0,0,,0,,,,0,,2.38,0,FALSE
582,583,10.1.1.9,10.1.1.29,42,72,56,232,30,FALSE,0,TRUE,0,TRUE,664,8,3.45,1.2,6,75,0,0,2.509091375,0.336877982,18,225,2.38,0.504201681,FALSE
583,584,10.1.1.9,10.1.1.8,42,65,0,232,0,TRUE,0,TRUE,0,TRUE,664,0,0,0,0,,0,,,,0,,2.38,0,FALSE
584,585,10.1.1.9,10.1.1.46,42,10,0,232,0,TRUE,0,TRUE,0,TRUE,664,0,0,0,0,,0,,,,0,,2.38,0,FALSE
585,586,10.1.1.9,10.1.1.36,42,15,0,232,0,TRUE,0,TRUE,0,TRUE,664,0,0,0,0,,0,,,,0,,2.38,0,FALSE
586,587,10.1.1.9,10.1.1.28,42,40,0,232,0,TRUE,0,TRUE,0,TRUE,664,0,0,0,0,,0,,,,0,,2.38,0,FALSE
587,588,10.1.1.9,10.1.1.35,42,3,0,232,0,TRUE,0,TRUE,0,TRUE,664,0,0,0,0,,0,,,,0,,2.38,0,FALSE
588,589,10.1.1.9,10.1.1.26,42,11,0,232,0,TRUE,0,TRUE,0,TRUE,664,0,0,0,0,,0,,,,0,,2.38,0,FALSE
589,590,10.1.1.9,10.1.1.38,42,66,0,232,0,TRUE,0,TRUE,0,TRUE,664,0,0,0,0,,0,,,,0,,2.38,0,FALSE
590,591,10.1.1.9,10.1.1.34,42,5,0,232,0,TRUE,0,TRUE,0,TRUE,664,0,0,0,0,,0,,,,0,,2.38,0,FALSE
591,592,10.1.1.9,10.1.1.5,42,16,28,232,14,FALSE,0,TRUE,0,TRUE,664,10,4.31,1.51,9,90,0,0,4.09205,0.904314848,4,40,2.38,0.634453782,FALSE
592,593,10.1.1.9,10.1.1.39,42,22,0,232,0,TRUE,0,TRUE,0,TRUE,664,0,0,0,0,,0,,,,0,,2.38,0,FALSE
593,594,10.1.1.9,10.1.1.2,42,18,56,232,28,FALSE,0,TRUE,0,TRUE,664,12,5.17,1.81,8,66.67,0,0,3.027833167,0.499139518,16,133.33,2.38,0.760504202,FALSE
594,595,10.1.1.9,10.1.1.47,42,22,0,232,0,TRUE,0,TRUE,0,TRUE,664,0,0,0,0,,0,,,,0,,2.38,0,FALSE
595,596,10.1.1.9,10.1.1.27,42,35,160,232,62,FALSE,0,TRUE,0,TRUE,664,64,27.59,9.64,54,84.38,0,0,2.503116969,0.588646717,34,53.12,2.38,4.050420168,FALSE
596,597,10.1.1.9,10.1.1.1,42,15,0,232,0,TRUE,0,TRUE,0,TRUE,664,0,0,0,0,,0,,,,0,,2.38,0,FALSE
597,598,10.1.1.9,10.1.1.16,42,39,23,232,17,FALSE,6,FALSE,0,TRUE,664,4,1.72,0.6,4,100,0,0,3.89223625,0.573601448,2,50,2.38,0.25210084,FALSE
598,599,10.1.1.9,10.1.1.32,42,46,52,232,23,FALSE,0,TRUE,0,TRUE,664,15,6.47,2.26,15,100,0,0,1.9744162,0.306080759,14,93.33,2.38,0.949579832,FALSE
599,600,10.1.1.9,10.1.1.18,42,19,0,232,0,TRUE,0,TRUE,0,TRUE,664,0,0,0,0,,0,,,,0,,2.38,0,FALSE
600,601,10.1.1.9,10.1.1.20,42,17,0,232,0,TRUE,0,TRUE,0,TRUE,664,0,0,0,0,,0,,,,0,,2.38,0,FALSE
601,602,10.1.1.9,10.1.1.3,42,19,0,232,0,TRUE,0,TRUE,0,TRUE,232,232,100,100,0,0,232,100,,,0,0,2.38,42.01680672,TRUE
602,603,10.1.1.9,10.1.1.31,42,9,9,232,2,FALSE,0,TRUE,0,TRUE,664,3,1.29,0.45,3,100,0,0,4.518877,0.645553857,4,133.33,2.38,0.18907563,FALSE
603,604,10.1.1.9,10.1.1.4,42,11,34,232,0,TRUE,0,TRUE,0,TRUE,232,232,100,100,0,0,232,100,2.792002875,0.576321601,0,0,2.38,42.01680672,TRUE
604,605,10.1.1.9,10.1.1.48,42,19,136,232,52,FALSE,0,TRUE,0,TRUE,664,60,25.86,9.04,60,100,0,0,3.62403705,0.621368759,24,40,2.38,3.798319328,FALSE
605,606,10.1.1.9,10.1.1.43,42,5,48,232,29,FALSE,0,TRUE,0,TRUE,664,16,6.9,2.41,12,75,0,0,3.447649188,0.662261804,3,18.75,2.38,1.012605042,FALSE
606,607,10.1.1.9,10.1.1.23,42,4,81,232,39,FALSE,0,TRUE,0,TRUE,664,30,12.93,4.52,26,86.67,0,0,3.7257454,0.890275497,12,40,2.38,1.899159664,FALSE
607,608,10.1.1.9,10.1.1.24,42,8,204,232,83,FALSE,1,FALSE,0,TRUE,664,90,38.79,13.55,85,94.44,0,0,3.763039811,0.727478836,31,34.44,2.38,5.693277311,FALSE
608,609,10.1.1.9,10.1.1.30,42,2,24,232,15,FALSE,0,TRUE,0,TRUE,664,5,2.16,0.75,5,100,0,0,3.7020996,0.602182447,4,80,2.38,0.31512605,FALSE
609,610,10.1.1.9,10.1.1.21,42,16,218,232,82,FALSE,0,TRUE,0,TRUE,664,82,35.34,12.35,78,95.12,0,0,4.250448171,0.810153658,54,65.85,2.38,5.18907563,FALSE
610,611,10.1.1.9,10.1.1.11,42,10,187,232,106,FALSE,22,FALSE,0,TRUE,664,42,18.1,6.33,41,97.62,0,0,3.338007452,0.653891652,39,92.86,2.38,2.659663866,FALSE
611,612,10.1.1.9,10.1.1.12,42,4,57,232,0,TRUE,0,TRUE,0,TRUE,232,232,100,100,0,0,232,100,1.512891,0.189111375,0,0,2.38,42.01680672,TRUE
612,613,10.1.1.9,10.1.1.19,42,7,128,232,73,FALSE,10,FALSE,0,TRUE,664,27,11.64,4.07,27,100,1,3.7,2.992267704,0.555514055,28,103.7,2.38,1.710084034,FALSE
613,614,10.1.1.9,10.1.1.37,42,14,60,232,49,FALSE,2,FALSE,0,TRUE,664,6,2.59,0.9,5,83.33,1,16.67,2.577404833,0.236121939,5,83.33,2.38,0.378151261,FALSE
614,615,10.1.1.9,10.1.1.41,42,15,148,232,49,FALSE,0,TRUE,0,TRUE,664,46,19.83,6.93,33,71.74,0,0,2.455496565,0.340709191,53,115.22,2.38,2.911764706,FALSE
615,616,10.1.1.9,10.1.1.25,42,8,28,232,19,FALSE,1,FALSE,0,TRUE,664,3,1.29,0.45,0,0,0,0,0.0109,0.0109,6,200,2.38,0.18907563,FALSE
