,Index,Node,Nbr_Node,Nbr_Count,Hello_Cnt,AODV_Msg_Nbr_Cnt,RREQs_Sent_To_Nbr,RREQs_From_Nbr,Nbr_Is_Orig_Cnt,Nbr_Never_Orig,Nbr_Is_Dest_Cnt,Nbr_Never_Dest,All_RREPs_Rcvd_This_Node,RREPs_From_Nbr,RREP_Resp_Pct,Pct_Of_All_RREPs,Hop_Cnt_Over_1_Cnt,Hop_Cnt_Over_1_Pct,High_Dest_Seq_Num_Inc_Cnt,High_Dest_Seq_Num_Inc_Pct,Avg_Resp_Dly,Avg_Resp_Dly_Per_Hop,RERRs_From_Nbr,RERRs_From_Nbr_Pct,Pct_of_All_Nbrs,RREP_To_Nbrs_Ratio,Black_Hole_Node
0,1,10.1.1.0,10.1.1.45,44,25,0,181,0,0,TRUE,0,TRUE,621,0,0,0,0,,0,,,,0,,2.27,0,FALSE
1,2,10.1.1.0,10.1.1.2,44,56,127,181,56,0,TRUE,0,TRUE,621,54,29.83,8.695652174,41,75.93,0,0,3.525607611,0.946356766,17,31.48,2.27,3.830683777,FALSE
2,3,10.1.1.0,10.1.1.1,44,151,262,181,149,5,FALSE,0,TRUE,621,69,38.12,11.11111111,31,44.93,0,0,1.826252275,0.649025119,44,63.77,2.27,4.894762604,FALSE
3,4,10.1.1.0,10.1.1.3,44,42,158,181,0,0,TRUE,0,TRUE,621,181,100,29.14653784,0,0,181,100,1.357564881,0.553014783,0,0,2.27,12.83988451,TRUE
4,5,10.1.1.0,10.1.1.31,44,24,49,181,24,0,TRUE,0,TRUE,621,15,8.287292818,2.415458937,8,53.33,0,0,0.502172667,0.199722372,10,66.67,2.27,1.064078827,FALSE
5,6,10.1.1.0,10.1.1.12,44,7,0,181,0,0,TRUE,0,TRUE,621,181,100,29.14653784,0,0,181,100,,,0,0,2.27,12.83988451,TRUE
6,7,10.1.1.0,10.1.1.41,44,8,0,181,0,0,TRUE,0,TRUE,621,0,0,0,0,,0,,,,0,,2.27,0,FALSE
7,8,10.1.1.0,10.1.1.50,44,8,0,181,0,0,TRUE,0,TRUE,621,0,0,0,0,,0,,,,0,,2.27,0,FALSE
8,9,10.1.1.0,10.1.1.27,44,41,0,181,0,0,TRUE,0,TRUE,621,0,0,0,0,,0,,,,0,,2.27,0,FALSE
9,10,10.1.1.0,10.1.1.18,44,30,20,181,14,10,FALSE,0,TRUE,621,3,1.657458564,0.483091787,1,33.33,0,0,0.956295333,0.40715725,3,100,2.27,0.212815765,FALSE
10,11,10.1.1.0,10.1.1.21,44,9,0,181,0,0,TRUE,0,TRUE,621,0,0,0,0,,0,,,,0,,2.27,0,FALSE
11,12,10.1.1.0,10.1.1.44,44,11,0,181,0,0,TRUE,0,TRUE,621,0,0,0,0,,0,,,,0,,2.27,0,FALSE
12,13,10.1.1.0,10.1.1.11,44,8,0,181,0,0,TRUE,0,TRUE,621,0,0,0,0,,0,,,,0,,2.27,0,FALSE
13,14,10.1.1.0,10.1.1.43,44,14,12,181,7,0,TRUE,0,TRUE,621,3,1.657458564,0.483091787,2,66.67,0,0,0.012493,0.005030167,2,66.67,2.27,0.212815765,FALSE
14,15,10.1.1.0,10.1.1.15,44,9,0,181,0,0,TRUE,0,TRUE,621,0,0,0,0,,0,,,,0,,2.27,0,FALSE
15,16,10.1.1.0,10.1.1.37,44,28,24,181,10,1,FALSE,0,TRUE,621,11,6.077348066,1.771336554,10,90.91,0,0,2.379126636,0.635758432,3,27.27,2.27,0.780324473,FALSE
16,17,10.1.1.0,10.1.1.6,44,20,79,181,41,1,FALSE,0,TRUE,621,29,16.02209945,4.669887279,13,44.83,0,0,3.044342759,1.182209264,9,31.03,2.27,2.057219065,FALSE
17,18,10.1.1.0,10.1.1.8,44,26,32,181,19,0,TRUE,0,TRUE,621,10,5.524861878,1.610305958,7,70,0,0,2.7603896,0.858878576,3,30,2.27,0.709385885,FALSE
18,19,10.1.1.0,10.1.1.16,44,11,0,181,0,0,TRUE,0,TRUE,621,0,0,0,0,,0,,,,0,,2.27,0,FALSE
19,20,10.1.1.0,10.1.1.5,44,7,27,181,11,1,FALSE,0,TRUE,621,13,7.182320442,2.093397746,6,46.15,0,0,0.977783154,0.339244246,3,23.08,2.27,0.92220165,FALSE
20,21,10.1.1.0,10.1.1.39,44,25,9,181,9,0,TRUE,0,TRUE,621,0,0,0,0,,0,,,,0,,2.27,0,FALSE
21,22,10.1.1.0,10.1.1.10,44,15,0,181,0,0,TRUE,0,TRUE,621,0,0,0,0,,0,,,,0,,2.27,0,FALSE
22,23,10.1.1.0,10.1.1.28,44,8,0,181,0,0,TRUE,0,TRUE,621,0,0,0,0,,0,,,,0,,2.27,0,FALSE
23,24,10.1.1.0,10.1.1.33,44,19,58,181,24,0,TRUE,0,TRUE,621,19,10.49723757,3.05958132,13,68.42,0,0,1.735845842,0.530640741,15,78.95,2.27,1.347833181,FALSE
24,25,10.1.1.0,10.1.1.47,44,14,79,181,35,1,FALSE,0,TRUE,621,18,9.944751381,2.898550725,16,88.89,0,0,3.586941167,0.826858067,26,144.44,2.27,1.276894592,FALSE
25,26,10.1.1.0,10.1.1.38,44,36,101,181,52,0,TRUE,0,TRUE,621,25,13.8121547,4.025764895,11,44,0,0,1.83555992,0.544797985,24,96,2.27,1.773464712,FALSE
26,27,10.1.1.0,10.1.1.49,44,10,0,181,0,0,TRUE,0,TRUE,621,0,0,0,0,,0,,,,0,,2.27,0,FALSE
27,28,10.1.1.0,10.1.1.29,44,13,0,181,0,0,TRUE,0,TRUE,621,0,0,0,0,,0,,,,0,,2.27,0,FALSE
28,29,10.1.1.0,10.1.1.14,44,37,21,181,15,9,FALSE,0,TRUE,621,3,1.657458564,0.483091787,2,66.67,0,0,1.584461333,0.361241922,3,100,2.27,0.212815765,FALSE
29,30,10.1.1.0,10.1.1.32,44,14,106,181,27,0,TRUE,0,TRUE,621,21,11.60220994,3.381642512,18,85.71,0,0,4.629674286,1.263909496,58,276.19,2.27,1.489710358,FALSE
30,31,10.1.1.0,10.1.1.9,44,12,0,181,0,0,TRUE,0,TRUE,621,0,0,0,0,,0,,,,0,,2.27,0,FALSE
31,32,10.1.1.0,10.1.1.26,44,45,22,181,15,0,TRUE,0,TRUE,621,2,1.104972376,0.322061192,1,50,0,0,0.517005,0.173219667,5,250,2.27,0.141877177,FALSE
32,33,10.1.1.0,10.1.1.36,44,7,0,181,0,0,TRUE,0,TRUE,621,0,0,0,0,,0,,,,0,,2.27,0,FALSE
33,34,10.1.1.0,10.1.1.22,44,54,32,181,17,0,TRUE,0,TRUE,621,6,3.314917127,0.966183575,3,50,0,0,0.718313833,0.145256483,9,150,2.27,0.425631531,FALSE
34,35,10.1.1.0,10.1.1.17,44,41,201,181,82,44,FALSE,0,TRUE,621,60,33.14917127,9.661835749,31,51.67,0,0,2.064015817,0.731145818,59,98.33,2.27,4.256315308,FALSE
35,36,10.1.1.0,10.1.1.46,44,62,190,181,106,5,FALSE,0,TRUE,621,48,26.51933702,7.729468599,17,35.42,0,0,2.103326625,0.873431697,36,75,2.27,3.405052246,FALSE
36,37,10.1.1.0,10.1.1.34,44,26,0,181,0,0,TRUE,0,TRUE,621,0,0,0,0,,0,,,,0,,2.27,0,FALSE
37,38,10.1.1.0,10.1.1.25,44,36,189,181,80,1,FALSE,0,TRUE,621,55,30.38674033,8.85668277,31,56.36,0,0,3.1404888,0.965998286,54,98.18,2.27,3.901622366,FALSE
38,39,10.1.1.0,10.1.1.20,44,14,6,181,6,0,TRUE,0,TRUE,621,0,0,0,0,,0,,,,0,,2.27,0,FALSE
39,40,10.1.1.0,10.1.1.4,44,12,40,181,0,0,TRUE,0,TRUE,621,181,100,29.14653784,0,0,181,100,2.4872115,0.831117643,0,0,2.27,12.83988451,TRUE
40,41,10.1.1.0,10.1.1.30,44,11,44,181,23,0,TRUE,0,TRUE,621,8,4.419889503,1.288244767,2,25,0,0,1.543508875,0.246275906,13,162.5,2.27,0.567508708,FALSE
41,42,10.1.1.0,10.1.1.23,44,22,143,181,56,0,TRUE,0,TRUE,621,44,24.30939227,7.085346216,37,84.09,0,0,2.806562045,0.715058946,43,97.73,2.27,3.121297892,FALSE
42,43,10.1.1.0,10.1.1.48,44,1,38,181,9,0,TRUE,0,TRUE,621,22,12.15469613,3.542673108,20,90.91,0,0,1.864151864,0.444738136,7,31.82,2.27,1.560648946,FALSE
43,44,10.1.1.0,10.1.1.42,44,8,7,181,4,0,TRUE,0,TRUE,621,2,1.104972376,0.322061192,1,50,0,0,1.01603,0.339380667,1,50,2.27,0.141877177,FALSE
44,45,10.1.1.10,10.1.1.11,33,138,401,250,235,32,FALSE,0,TRUE,701,95,38,13.55206847,89,93.68,0,0,3.823910032,0.69077799,71,74.74,3.03,4.472629859,FALSE
45,46,10.1.1.10,10.1.1.21,33,53,217,250,109,0,TRUE,0,TRUE,701,63,25.2,8.987161198,59,93.65,0,0,4.143603016,0.746854136,45,71.43,3.03,2.966059801,FALSE
46,47,10.1.1.10,10.1.1.35,33,3,0,250,0,0,TRUE,0,TRUE,701,0,0,0,0,,0,,,,0,,3.03,0,FALSE
47,48,10.1.1.10,10.1.1.16,33,22,100,250,62,24,FALSE,0,TRUE,701,16,6.4,2.282453638,14,87.5,0,0,1.398774125,0.232305368,22,137.5,3.03,0.753285029,FALSE
48,49,10.1.1.10,10.1.1.28,33,3,13,250,7,0,TRUE,0,TRUE,701,0,0,0,0,,0,,,,6,,3.03,0,FALSE
49,50,10.1.1.10,10.1.1.36,33,23,17,250,17,0,TRUE,0,TRUE,701,0,0,0,0,,0,,,,0,,3.03,0,FALSE
50,51,10.1.1.10,10.1.1.25,33,13,0,250,0,0,TRUE,0,TRUE,701,0,0,0,0,,0,,,,0,,3.03,0,FALSE
51,52,10.1.1.10,10.1.1.34,33,6,14,250,14,0,TRUE,0,TRUE,701,0,0,0,0,,0,,,,0,,3.03,0,FALSE
52,53,10.1.1.10,10.1.1.18,33,27,0,250,0,0,TRUE,0,TRUE,701,0,0,0,0,,0,,,,0,,3.03,0,FALSE
53,54,10.1.1.10,10.1.1.37,33,17,86,250,41,5,FALSE,0,TRUE,701,36,14.4,5.135520685,35,97.22,0,0,4.877140306,1.041187446,9,25,3.03,1.694891315,FALSE
54,55,10.1.1.10,10.1.1.1,33,9,0,250,0,0,TRUE,0,TRUE,701,0,0,0,0,,0,,,,0,,3.03,0,FALSE
55,56,10.1.1.10,10.1.1.27,33,7,107,250,35,0,TRUE,0,TRUE,701,55,22,7.845934379,51,92.73,0,0,2.262240945,0.481524877,17,30.91,3.03,2.589417287,FALSE
56,57,10.1.1.10,10.1.1.45,33,46,136,250,85,0,TRUE,0,TRUE,701,26,10.4,3.708987161,20,76.92,0,0,4.283057846,0.824528123,25,96.15,3.03,1.224088172,FALSE
57,58,10.1.1.10,10.1.1.44,33,37,65,250,43,0,TRUE,0,TRUE,701,6,2.4,0.855920114,3,50,0,0,1.311112167,0.451086778,16,266.67,3.03,0.282481886,FALSE
58,59,10.1.1.10,10.1.1.15,33,48,33,250,23,5,FALSE,0,TRUE,701,3,1.2,0.427960057,0,0,0,0,0.347603333,0.180694,7,233.33,3.03,0.141240943,FALSE
59,60,10.1.1.10,10.1.1.30,33,10,0,250,0,0,TRUE,0,TRUE,701,0,0,0,0,,0,,,,0,,3.03,0,FALSE
60,61,10.1.1.10,10.1.1.20,33,4,0,250,0,0,TRUE,0,TRUE,701,0,0,0,0,,0,,,,0,,3.03,0,FALSE
61,62,10.1.1.10,10.1.1.19,33,40,103,250,41,5,FALSE,0,TRUE,701,36,14.4,5.135520685,34,94.44,0,0,3.464979,0.677427651,26,72.22,3.03,1.694891315,FALSE
62,63,10.1.1.10,10.1.1.4,33,22,50,250,0,0,TRUE,0,TRUE,701,250,100,35.66333809,0,0,250,100,2.55603,0.587511023,0,0,3.03,11.77007858,TRUE
63,64,10.1.1.10,10.1.1.48,33,10,0,250,0,0,TRUE,0,TRUE,701,0,0,0,0,,0,,,,0,,3.03,0,FALSE
64,65,10.1.1.10,10.1.1.41,33,43,95,250,52,0,TRUE,0,TRUE,701,31,12.4,4.422253923,29,93.55,0,0,3.522632742,0.536346598,12,38.71,3.03,1.459489744,FALSE
65,66,10.1.1.10,10.1.1.5,33,28,61,250,32,0,TRUE,0,TRUE,701,22,8.8,3.138373752,22,100,0,0,3.986058955,0.70099025,7,31.82,3.03,1.035766915,FALSE
66,67,10.1.1.10,10.1.1.13,33,25,51,250,46,8,FALSE,0,TRUE,701,2,0.8,0.285306705,1,50,0,0,0.854864,0.215064125,3,150,3.03,0.094160629,FALSE
67,68,10.1.1.10,10.1.1.12,33,14,69,250,0,0,TRUE,0,TRUE,701,250,100,35.66333809,0,0,250,100,3.118361556,0.679654598,0,0,3.03,11.77007858,TRUE
68,69,10.1.1.10,10.1.1.7,33,1,60,250,38,0,TRUE,0,TRUE,701,17,6.8,2.42510699,15,88.24,0,0,3.658370529,0.631557389,5,29.41,3.03,0.800365343,FALSE
69,70,10.1.1.10,10.1.1.10,33,8,149,250,90,0,TRUE,0,TRUE,701,29,11.6,4.136947218,26,89.66,0,0,3.368490862,0.747610393,30,103.45,3.03,1.365329115,FALSE
70,71,10.1.1.10,10.1.1.24,33,14,256,250,110,3,FALSE,0,TRUE,701,96,38.4,13.69472183,88,91.67,0,0,3.233275573,0.592333806,50,52.08,3.03,4.519710174,FALSE
71,72,10.1.1.10,10.1.1.9,33,5,68,250,31,0,TRUE,0,TRUE,701,24,9.6,3.423680456,23,95.83,0,0,3.53147975,0.82808187,13,54.17,3.03,1.129927543,FALSE
72,73,10.1.1.10,10.1.1.49,33,7,67,250,26,0,TRUE,0,TRUE,701,21,8.4,2.995720399,14,66.67,0,0,2.29910219,0.615870635,20,95.24,3.03,0.9886866,FALSE
73,74,10.1.1.10,10.1.1.29,33,7,99,250,36,0,TRUE,0,TRUE,701,40,16,5.706134094,38,95,0,0,4.259472925,0.762222527,23,57.5,3.03,1.883212572,FALSE
74,75,10.1.1.10,10.1.1.2,33,5,111,250,53,2,FALSE,0,TRUE,701,42,16.8,5.991440799,37,88.1,0,0,2.152570048,0.409018185,16,38.1,3.03,1.977373201,FALSE
75,76,10.1.1.10,10.1.1.17,33,12,84,250,43,4,FALSE,0,TRUE,701,20,8,2.853067047,15,75,0,0,2.3930952,0.522544489,21,105,3.03,0.941606286,FALSE
76,77,10.1.1.10,10.1.1.46,33,2,3,250,3,0,TRUE,0,TRUE,701,0,0,0,0,,0,,,,0,,3.03,0,FALSE
77,78,10.1.1.11,10.1.1.37,33,16,75,261,65,0,TRUE,0,TRUE,489,9,3.448275862,1.840490798,9,100,0,0,3.470908556,0.379125142,1,11.11,3.03,0.607422705,FALSE
78,79,10.1.1.11,10.1.1.3,33,12,0,261,0,0,TRUE,0,TRUE,489,261,100,53.37423313,0,0,261,100,,,0,0,3.03,17.61525846,TRUE
79,80,10.1.1.11,10.1.1.12,33,135,329,261,0,0,TRUE,0,TRUE,489,261,100,53.37423313,0,0,261,100,2.297461073,0.371745323,0,0,3.03,17.61525846,TRUE
80,81,10.1.1.11,10.1.1.41,33,54,210,261,124,1,FALSE,0,TRUE,489,56,21.4559387,11.45194274,53,94.64,0,0,3.52725325,0.581265332,30,53.57,3.03,3.779519056,FALSE
81,82,10.1.1.11,10.1.1.50,33,50,0,261,0,0,TRUE,0,TRUE,489,0,0,0,0,,0,,,,0,,3.03,0,FALSE
82,83,10.1.1.11,10.1.1.34,33,13,47,261,36,2,FALSE,0,TRUE,489,4,1.53256705,0.81799591,3,75,0,0,0.74844675,0.0797604,7,175,3.03,0.269965647,FALSE
83,84,10.1.1.11,10.1.1.45,33,24,255,261,127,1,FALSE,0,TRUE,489,83,31.80076628,16.97341513,72,86.75,0,0,3.341616458,0.595216174,45,54.22,3.03,5.601787173,FALSE
84,85,10.1.1.11,10.1.1.31,33,17,0,261,0,0,TRUE,0,TRUE,489,0,0,0,0,,0,,,,0,,3.03,0,FALSE
85,86,10.1.1.11,10.1.1.1,33,7,0,261,0,0,TRUE,0,TRUE,489,0,0,0,0,,0,,,,0,,3.03,0,FALSE
86,87,10.1.1.11,10.1.1.27,33,16,134,261,94,0,TRUE,0,TRUE,489,18,6.896551724,3.680981595,16,88.89,0,0,2.831697556,0.435129954,22,122.22,3.03,1.214845411,FALSE
87,88,10.1.1.11,10.1.1.48,33,18,0,261,0,0,TRUE,0,TRUE,489,0,0,0,0,,0,,,,0,,3.03,0,FALSE
88,89,10.1.1.11,10.1.1.20,33,11,0,261,0,0,TRUE,0,TRUE,489,0,0,0,0,,0,,,,0,,3.03,0,FALSE
89,90,10.1.1.11,10.1.1.30,33,10,0,261,0,0,TRUE,0,TRUE,489,0,0,0,0,,0,,,,0,,3.03,0,FALSE
90,91,10.1.1.11,10.1.1.24,33,55,120,261,52,5,FALSE,0,TRUE,489,29,11.11111111,5.930470348,22,75.86,0,0,2.094384552,0.472909198,39,134.48,3.03,1.95725094,FALSE
91,92,10.1.1.11,10.1.1.4,33,26,42,261,0,0,TRUE,0,TRUE,489,261,100,53.37423313,0,0,261,100,0.29230525,0.047781321,0,0,3.03,17.61525846,TRUE
92,93,10.1.1.11,10.1.1.19,33,33,156,261,97,12,FALSE,0,TRUE,489,26,9.961685824,5.316973415,21,80.77,0,0,1.829414538,0.431042154,33,126.92,3.03,1.754776705,FALSE
93,94,10.1.1.11,10.1.1.23,33,40,0,261,0,0,TRUE,0,TRUE,489,0,0,0,0,,0,,,,0,,3.03,0,FALSE
94,95,10.1.1.11,10.1.1.13,33,91,255,261,209,40,FALSE,0,TRUE,489,18,6.896551724,3.680981595,11,61.11,0,0,1.367749667,0.295715439,28,155.56,3.03,1.214845411,FALSE
95,96,10.1.1.11,10.1.1.43,33,16,0,261,0,0,TRUE,0,TRUE,489,0,0,0,0,,0,,,,0,,3.03,0,FALSE
96,97,10.1.1.11,10.1.1.33,33,9,0,261,0,0,TRUE,0,TRUE,489,0,0,0,0,,0,,,,0,,3.03,0,FALSE
97,98,10.1.1.11,10.1.1.5,33,19,15,261,14,0,TRUE,0,TRUE,489,1,0.383141762,0.204498978,1,100,0,0,2.870139,0.260921727,0,0,3.03,0.067491412,FALSE
98,99,10.1.1.11,10.1.1.44,33,31,46,261,25,0,TRUE,0,TRUE,489,9,3.448275862,1.840490798,3,33.33,0,0,1.433279444,0.58052913,12,133.33,3.03,0.607422705,FALSE
99,100,10.1.1.11,10.1.1.36,33,13,0,261,0,0,TRUE,0,TRUE,489,0,0,0,0,,0,,,,0,,3.03,0,FALSE
100,101,10.1.1.11,10.1.1.11,33,17,131,261,60,10,FALSE,0,TRUE,489,47,18.00766284,9.611451943,45,95.74,0,0,4.132997596,0.64308506,24,51.06,3.03,3.172096351,FALSE
101,102,10.1.1.11,10.1.1.7,33,4,83,261,39,0,TRUE,0,TRUE,489,33,12.64367816,6.748466258,28,84.85,0,0,3.173947485,0.612456605,11,33.33,3.03,2.227216587,FALSE
102,103,10.1.1.11,10.1.1.10,33,2,49,261,32,0,TRUE,0,TRUE,489,10,3.831417625,2.044989775,10,100,0,0,4.3743441,0.579488835,7,70,3.03,0.674914117,FALSE
103,104,10.1.1.11,10.1.1.2,33,6,51,261,27,2,FALSE,0,TRUE,489,19,7.279693487,3.885480573,8,42.11,0,0,1.717834263,0.896740741,5,26.32,3.03,1.282336823,FALSE
104,105,10.1.1.11,10.1.1.21,33,10,83,261,29,1,FALSE,0,TRUE,489,23,8.812260536,4.703476483,17,73.91,0,0,2.290474696,0.38558258,31,134.78,3.03,1.55230247,FALSE
105,106,10.1.1.11,10.1.1.17,33,15,58,261,21,2,FALSE,0,TRUE,489,10,3.831417625,2.044989775,5,50,0,0,2.6376198,0.777389367,27,270,3.03,0.674914117,FALSE
106,107,10.1.1.11,10.1.1.16,33,11,73,261,42,22,FALSE,0,TRUE,489,8,3.0651341,1.63599182,5,62.5,0,0,2.205009,0.63045369,23,287.5,3.03,0.539931294,FALSE
107,108,10.1.1.11,10.1.1.29,33,15,76,261,35,0,TRUE,0,TRUE,489,24,9.195402299,4.90797546,17,70.83,0,0,1.375012167,0.352694814,17,70.83,3.03,1.619793881,FALSE
108,109,10.1.1.11,10.1.1.9,33,7,30,261,15,0,TRUE,0,TRUE,489,6,2.298850575,1.226993865,4,66.67,0,0,0.821666167,0.078436475,9,150,3.03,0.40494847,FALSE
109,110,10.1.1.11,10.1.1.25,33,5,17,261,5,0,TRUE,0,TRUE,489,7,2.681992337,1.431492843,4,57.14,0,0,2.705473143,0.321635179,5,71.43,3.03,0.472439882,FALSE
110,111,10.1.1.12,10.1.1.48,31,9,0,262,0,0,TRUE,0,TRUE,367,0,0,0,0,,0,,,,0,,3.23,0,FALSE
111,112,10.1.1.12,10.1.1.4,31,32,39,262,0,0,TRUE,0,TRUE,367,262,100,71.38964578,0,0,262,100,0.333686,0.05523498,0,0,3.23,22.10205752,TRUE
112,113,10.1.1.12,10.1.1.13,31,137,308,262,254,41,FALSE,0,TRUE,367,25,9.541984733,6.811989101,11,44,1,4,1.16766964,0.260839184,29,116,3.23,2.108974954,FALSE
113,114,10.1.1.12,10.1.1.27,31,14,117,262,87,0,TRUE,0,TRUE,367,9,3.435114504,2.452316076,8,88.89,0,0,2.710547889,0.403102019,21,233.33,3.23,0.759230983,FALSE
114,115,10.1.1.12,10.1.1.30,31,11,0,262,0,0,TRUE,0,TRUE,367,0,0,0,0,,0,,,,0,,3.23,0,FALSE
115,116,10.1.1.12,10.1.1.19,31,38,142,262,99,16,FALSE,0,TRUE,367,18,6.870229008,4.904632153,14,77.78,0,0,1.444249722,0.381956603,25,138.89,3.23,1.518461967,FALSE
116,117,10.1.1.12,10.1.1.20,31,7,0,262,0,0,TRUE,0,TRUE,367,0,0,0,0,,0,,,,0,,3.23,0,FALSE
117,118,10.1.1.12,10.1.1.24,31,26,104,262,43,5,FALSE,0,TRUE,367,30,11.45038168,8.174386921,21,70,0,0,1.831761933,0.434184361,31,103.33,3.23,2.530769945,FALSE
118,119,10.1.1.12,10.1.1.23,31,38,0,262,0,0,TRUE,0,TRUE,367,0,0,0,0,,0,,,,0,,3.23,0,FALSE
119,120,10.1.1.12,10.1.1.12,31,90,289,262,0,0,TRUE,0,TRUE,367,262,100,71.38964578,0,0,262,100,2.964613343,0.479454337,0,0,3.23,22.10205752,TRUE
120,121,10.1.1.12,10.1.1.50,31,2,0,262,0,0,TRUE,0,TRUE,367,0,0,0,0,,0,,,,0,,3.23,0,FALSE
121,122,10.1.1.12,10.1.1.41,31,41,155,262,97,1,FALSE,0,TRUE,367,39,14.88549618,10.626703,36,92.31,0,0,3.241513128,0.523673612,19,48.72,3.23,3.290000928,FALSE
122,123,10.1.1.12,10.1.1.5,31,20,1,262,1,0,TRUE,0,TRUE,367,0,0,0,0,,0,,,,0,,3.23,0,FALSE
123,124,10.1.1.12,10.1.1.11,31,22,76,262,48,6,FALSE,0,TRUE,367,9,3.435114504,2.452316076,8,88.89,0,0,3.110814444,0.484241502,19,211.11,3.23,0.759230983,FALSE
124,125,10.1.1.12,10.1.1.36,31,13,0,262,0,0,TRUE,0,TRUE,367,0,0,0,0,,0,,,,0,,3.23,0,FALSE
125,126,10.1.1.12,10.1.1.44,31,47,168,262,124,0,TRUE,0,TRUE,367,17,6.488549618,4.632152589,11,64.71,0,0,1.942470176,0.564010575,27,158.82,3.23,1.434102969,FALSE
126,127,10.1.1.12,10.1.1.7,31,7,90,262,53,0,TRUE,0,TRUE,367,29,11.06870229,7.901907357,21,72.41,0,0,2.83751,0.648992043,8,27.59,3.23,2.446410946,FALSE
127,128,10.1.1.12,10.1.1.45,31,19,224,262,130,2,FALSE,0,TRUE,367,49,18.70229008,13.35149864,46,93.88,0,0,3.123853694,0.531103787,45,91.84,3.23,4.133590909,FALSE
128,129,10.1.1.12,10.1.1.34,31,15,83,262,66,2,FALSE,0,TRUE,367,7,2.671755725,1.907356948,3,42.86,0,0,0.428874714,0.046165551,10,142.86,3.23,0.590512987,FALSE
129,130,10.1.1.12,10.1.1.37,31,7,61,262,54,0,TRUE,0,TRUE,367,6,2.290076336,1.634877384,6,100,0,0,2.691831667,0.326602204,1,16.67,3.23,0.506153989,FALSE
130,131,10.1.1.12,10.1.1.28,31,5,38,262,24,0,TRUE,0,TRUE,367,4,1.526717557,1.089918256,0,0,0,0,1.5924805,0.796584,10,250,3.23,0.337435993,FALSE
131,132,10.1.1.12,10.1.1.2,31,5,40,262,22,2,FALSE,0,TRUE,367,14,5.34351145,3.814713896,5,35.71,0,0,2.126603071,1.231345196,4,28.57,3.23,1.181025974,FALSE
132,133,10.1.1.12,10.1.1.16,31,14,80,262,46,25,FALSE,0,TRUE,367,9,3.435114504,2.452316076,4,44.44,0,0,1.961708778,0.561194844,25,277.78,3.23,0.759230983,FALSE
133,134,10.1.1.12,10.1.1.17,31,14,60,262,31,1,FALSE,0,TRUE,367,14,5.34351145,3.814713896,4,28.57,0,0,2.159128,0.716489381,15,107.14,3.23,1.181025974,FALSE
134,135,10.1.1.12,10.1.1.29,31,8,56,262,22,0,TRUE,0,TRUE,367,20,7.633587786,5.449591281,12,60,0,0,1.6447625,0.42309485,14,70,3.23,1.687179963,FALSE
135,136,10.1.1.12,10.1.1.21,31,2,52,262,19,1,FALSE,0,TRUE,367,14,5.34351145,3.814713896,8,57.14,0,0,1.803504643,0.392849889,19,135.71,3.23,1.181025974,FALSE
136,137,10.1.1.12,10.1.1.49,31,5,30,262,13,2,FALSE,0,TRUE,367,5,1.908396947,1.36239782,4,80,0,0,1.6435026,0.505981693,12,240,3.23,0.421794991,FALSE
137,138,10.1.1.12,10.1.1.46,31,3,3,262,3,0,TRUE,0,TRUE,367,0,0,0,0,,0,,,,0,,3.23,0,FALSE
138,139,10.1.1.12,10.1.1.9,31,4,10,262,5,0,TRUE,0,TRUE,367,2,0.763358779,0.544959128,1,50,0,0,2.438559,0.224810591,3,150,3.23,0.168717996,FALSE
139,140,10.1.1.12,10.1.1.25,31,4,9,262,3,0,TRUE,0,TRUE,367,3,1.145038168,0.817438692,1,33.33,0,0,1.615354,0.2042765,3,100,3.23,0.253076994,FALSE
140,141,10.1.1.12,10.1.1.15,31,1,6,262,3,1,FALSE,0,TRUE,367,2,0.763358779,0.544959128,2,100,0,0,5.2514205,0.52514205,1,50,3.23,0.168717996,FALSE
141,142,10.1.1.13,10.1.1.33,36,21,26,109,10,0,TRUE,0,TRUE,159,4,3.669724771,2.51572327,4,100,0,0,2.1649265,0.434009396,12,300,2.78,0.904936428,FALSE
142,143,10.1.1.13,10.1.1.29,36,54,0,109,0,0,TRUE,0,TRUE,159,0,0,0,0,,0,,,,0,,2.78,0,FALSE
143,144,10.1.1.13,10.1.1.6,36,41,50,109,15,0,TRUE,0,TRUE,159,26,23.85321101,16.35220126,26,100,0,0,3.814061538,0.535674491,9,34.62,2.78,5.882086783,FALSE
144,145,10.1.1.13,10.1.1.8,36,36,25,109,18,0,TRUE,0,TRUE,159,3,2.752293578,1.886792453,2,66.67,0,0,1.510490333,0.358507267,4,133.33,2.78,0.678702321,FALSE
145,146,10.1.1.13,10.1.1.14,36,161,150,109,107,51,FALSE,0,TRUE,159,20,18.34862385,12.57861635,15,75,0,0,1.14091025,0.326106649,23,115,2.78,4.524682141,FALSE
146,147,10.1.1.13,10.1.1.28,36,30,0,109,0,0,TRUE,0,TRUE,159,0,0,0,0,,0,,,,0,,2.78,0,FALSE
147,148,10.1.1.13,10.1.1.10,36,33,0,109,0,0,TRUE,0,TRUE,159,0,0,0,0,,0,,,,0,,2.78,0,FALSE
148,149,10.1.1.13,10.1.1.15,36,10,0,109,0,0,TRUE,0,TRUE,159,0,0,0,0,,0,,,,0,,2.78,0,FALSE
149,150,10.1.1.13,10.1.1.43,36,9,10,109,7,0,TRUE,0,TRUE,159,0,0,0,0,,0,,,,3,,2.78,0,FALSE
150,151,10.1.1.13,10.1.1.7,36,24,9,109,9,0,TRUE,0,TRUE,159,0,0,0,0,,0,,,,0,,2.78,0,FALSE
151,152,10.1.1.13,10.1.1.46,36,28,0,109,0,0,TRUE,0,TRUE,159,0,0,0,0,,0,,,,0,,2.78,0,FALSE
152,153,10.1.1.13,10.1.1.35,36,27,10,109,10,0,TRUE,0,TRUE,159,0,0,0,0,,0,,,,0,,2.78,0,FALSE
153,154,10.1.1.13,10.1.1.36,36,20,0,109,0,0,TRUE,0,TRUE,159,0,0,0,0,,0,,,,0,,2.78,0,FALSE
154,155,10.1.1.13,10.1.1.9,36,49,0,109,0,0,TRUE,0,TRUE,159,0,0,0,0,,0,,,,0,,2.78,0,FALSE
155,156,10.1.1.13,10.1.1.39,36,43,34,109,26,0,TRUE,0,TRUE,159,4,3.669724771,2.51572327,1,25,0,0,0.84186575,0.398268917,4,100,2.78,0.904936428,FALSE
156,157,10.1.1.13,10.1.1.26,36,67,57,109,12,1,FALSE,0,TRUE,159,12,11.00917431,7.547169811,12,100,0,0,1.172989583,0.215359916,33,275,2.78,2.714809285,FALSE
157,158,10.1.1.13,10.1.1.49,36,30,0,109,0,0,TRUE,0,TRUE,159,0,0,0,0,,0,,,,0,,2.78,0,FALSE
158,159,10.1.1.13,10.1.1.34,36,23,0,109,0,0,TRUE,0,TRUE,159,0,0,0,0,,0,,,,0,,2.78,0,FALSE
159,160,10.1.1.13,10.1.1.38,36,40,21,109,19,0,TRUE,0,TRUE,159,2,1.834862385,1.257861635,2,100,0,0,0.044892,0.0056115,0,0,2.78,0.452468214,FALSE
160,161,10.1.1.13,10.1.1.5,36,9,14,109,5,0,TRUE,0,TRUE,159,8,7.339449541,5.031446541,7,87.5,0,0,1.486972375,0.558741396,1,12.5,2.78,1.809872856,FALSE
161,162,10.1.1.13,10.1.1.25,36,29,0,109,0,0,TRUE,0,TRUE,159,0,0,0,0,,0,,,,0,,2.78,0,FALSE
162,163,10.1.1.13,10.1.1.2,36,60,0,109,0,0,TRUE,0,TRUE,159,0,0,0,0,,0,,,,0,,2.78,0,FALSE
163,164,10.1.1.13,10.1.1.32,36,24,9,109,7,0,TRUE,0,TRUE,159,1,0.917431193,0.628930818,1,100,0,0,2.252413,0.750804333,1,100,2.78,0.226234107,FALSE
164,165,10.1.1.13,10.1.1.27,36,36,22,109,18,0,TRUE,0,TRUE,159,1,0.917431193,0.628930818,1,100,0,0,0.017664,0.005888,3,300,2.78,0.226234107,FALSE
165,166,10.1.1.13,10.1.1.1,36,40,14,109,9,0,TRUE,0,TRUE,159,3,2.752293578,1.886792453,1,33.33,0,0,0.358522667,0.178366778,2,66.67,2.78,0.678702321,FALSE
166,167,10.1.1.13,10.1.1.17,36,17,0,109,0,0,TRUE,0,TRUE,159,0,0,0,0,,0,,,,0,,2.78,0,FALSE
167,168,10.1.1.13,10.1.1.22,36,28,67,109,25,0,TRUE,0,TRUE,159,19,17.43119266,11.94968553,16,84.21,0,0,1.960174368,0.253905883,23,121.05,2.78,4.298448034,FALSE
168,169,10.1.1.13,10.1.1.42,36,43,59,109,43,1,FALSE,0,TRUE,159,8,7.339449541,5.031446541,7,87.5,0,0,0.424298875,0.127684833,8,100,2.78,1.809872856,FALSE
169,170,10.1.1.13,10.1.1.37,36,10,0,109,0,0,TRUE,0,TRUE,159,0,0,0,0,,0,,,,0,,2.78,0,FALSE
170,171,10.1.1.13,10.1.1.40,36,34,19,109,19,0,TRUE,0,TRUE,159,0,0,0,0,,0,,,,0,,2.78,0,FALSE
171,172,10.1.1.13,10.1.1.20,36,14,19,109,19,7,FALSE,0,TRUE,159,0,0,0,0,,0,,,,0,,2.78,0,FALSE
172,173,10.1.1.13,10.1.1.31,36,23,43,109,21,2,FALSE,0,TRUE,159,13,11.9266055,8.176100629,7,53.85,0,0,0.397009769,0.109175172,9,69.23,2.78,2.941043392,FALSE
173,174,10.1.1.13,10.1.1.18,36,14,46,109,33,8,FALSE,0,TRUE,159,9,8.256880734,5.660377358,3,33.33,0,0,1.785138111,0.655770157,4,44.44,2.78,2.036106963,FALSE
174,175,10.1.1.13,10.1.1.30,36,7,24,109,12,0,TRUE,0,TRUE,159,7,6.422018349,4.402515723,3,42.86,0,0,0.975811714,0.284031429,5,71.43,2.78,1.583638749,FALSE
175,176,10.1.1.13,10.1.1.3,36,7,36,109,0,0,TRUE,0,TRUE,159,109,100,68.55345912,0,0,109,100,1.24496,0.418502723,0,0,2.78,24.65951767,TRUE
176,177,10.1.1.13,10.1.1.23,36,4,24,109,13,0,TRUE,0,TRUE,159,6,5.504587156,3.773584906,0,0,0,0,1.139081667,0.569701417,5,83.33,2.78,1.357404642,FALSE
177,178,10.1.1.14,10.1.1.9,42,10,0,264,0,0,TRUE,0,TRUE,517,0,0,0,0,,0,,,,0,,2.38,0,FALSE
178,179,10.1.1.14,10.1.1.17,42,7,36,264,8,2,FALSE,0,TRUE,517,9,3.409090909,1.740812379,7,77.78,0,0,2.470141,0.619404981,19,211.11,2.38,0.731433773,FALSE
179,180,10.1.1.14,10.1.1.6,42,19,0,264,0,0,TRUE,0,TRUE,517,0,0,0,0,,0,,,,0,,2.38,0,FALSE
180,181,10.1.1.14,10.1.1.8,42,13,0,264,0,0,TRUE,0,TRUE,517,0,0,0,0,,0,,,,0,,2.38,0,FALSE
181,182,10.1.1.14,10.1.1.43,42,57,0,264,0,0,TRUE,0,TRUE,517,0,0,0,0,,0,,,,0,,2.38,0,FALSE
182,183,10.1.1.14,10.1.1.15,42,138,337,264,252,40,FALSE,0,TRUE,517,50,18.93939394,9.671179884,27,54,0,0,1.78511808,0.440728018,35,70,2.38,4.06352096,FALSE
183,184,10.1.1.14,10.1.1.7,42,19,122,264,65,0,TRUE,0,TRUE,517,43,16.28787879,8.3172147,29,67.44,0,0,2.676893302,0.704028363,14,32.56,2.38,3.494628025,FALSE
184,185,10.1.1.14,10.1.1.33,42,5,0,264,0,0,TRUE,0,TRUE,517,0,0,0,0,,0,,,,0,,2.38,0,FALSE
185,186,10.1.1.14,10.1.1.14,42,10,0,264,0,0,TRUE,0,TRUE,517,0,0,0,0,,0,,,,0,,2.38,0,FALSE
186,187,10.1.1.14,10.1.1.10,42,9,0,264,0,0,TRUE,0,TRUE,517,0,0,0,0,,0,,,,0,,2.38,0,FALSE
187,188,10.1.1.14,10.1.1.39,42,14,0,264,0,0,TRUE,0,TRUE,517,0,0,0,0,,0,,,,0,,2.38,0,FALSE
188,189,10.1.1.14,10.1.1.29,42,9,0,264,0,0,TRUE,0,TRUE,517,0,0,0,0,,0,,,,0,,2.38,0,FALSE
189,190,10.1.1.14,10.1.1.35,42,10,0,264,0,0,TRUE,0,TRUE,517,0,0,0,0,,0,,,,0,,2.38,0,FALSE
190,191,10.1.1.14,10.1.1.28,42,43,138,264,107,0,TRUE,0,TRUE,517,13,4.924242424,2.51450677,4,30.77,0,0,1.974572615,0.45295147,18,138.46,2.38,1.05651545,FALSE
191,192,10.1.1.14,10.1.1.46,42,17,18,264,16,0,TRUE,0,TRUE,517,2,0.757575758,0.386847195,1,50,0,0,2.1696445,0.48915475,0,0,2.38,0.162540838,FALSE
192,193,10.1.1.14,10.1.1.36,42,6,0,264,0,0,TRUE,0,TRUE,517,0,0,0,0,,0,,,,0,,2.38,0,FALSE
193,194,10.1.1.14,10.1.1.16,42,38,180,264,102,41,FALSE,0,TRUE,517,27,10.22727273,5.222437137,19,70.37,0,0,1.724226667,0.366535486,51,188.89,2.38,2.194301318,FALSE
194,195,10.1.1.14,10.1.1.25,42,13,5,264,1,0,TRUE,0,TRUE,517,2,0.757575758,0.386847195,0,0,0,0,0.0084105,0.00420525,2,100,2.38,0.162540838,FALSE
195,196,10.1.1.14,10.1.1.34,42,21,89,264,68,2,FALSE,0,TRUE,517,12,4.545454545,2.321083172,9,75,0,0,2.169965,0.283596677,9,75,2.38,0.97524503,FALSE
196,197,10.1.1.14,10.1.1.38,42,7,0,264,0,0,TRUE,0,TRUE,517,0,0,0,0,,0,,,,0,,2.38,0,FALSE
197,198,10.1.1.14,10.1.1.5,42,34,48,264,25,0,TRUE,0,TRUE,517,19,7.196969697,3.675048356,19,100,0,0,4.015419632,0.644315509,4,21.05,2.38,1.544137965,FALSE
198,199,10.1.1.14,10.1.1.44,42,24,0,264,0,0,TRUE,0,TRUE,517,0,0,0,0,,0,,,,0,,2.38,0,FALSE
199,200,10.1.1.14,10.1.1.37,42,8,0,264,0,0,TRUE,0,TRUE,517,0,0,0,0,,0,,,,0,,2.38,0,FALSE
200,201,10.1.1.14,10.1.1.2,42,7,47,264,23,2,FALSE,0,TRUE,517,18,6.818181818,3.481624758,7,38.89,0,0,2.099230111,1.185967208,6,33.33,2.38,1.462867545,FALSE
201,202,10.1.1.14,10.1.1.1,42,8,0,264,0,0,TRUE,0,TRUE,517,0,0,0,0,,0,,,,0,,2.38,0,FALSE
202,203,10.1.1.14,10.1.1.27,42,7,0,264,0,0,TRUE,0,TRUE,517,0,0,0,0,,0,,,,0,,2.38,0,FALSE
203,204,10.1.1.14,10.1.1.11,42,50,50,264,27,5,FALSE,0,TRUE,517,7,2.651515152,1.353965184,6,85.71,0,0,2.299973429,0.247905152,16,228.57,2.38,0.568892934,FALSE
204,205,10.1.1.14,10.1.1.21,42,26,56,264,16,1,FALSE,0,TRUE,517,18,6.818181818,3.481624758,12,66.67,0,0,2.238525889,0.419651687,22,122.22,2.38,1.462867545,FALSE
205,206,10.1.1.14,10.1.1.3,42,9,0,264,0,0,TRUE,0,TRUE,517,264,100,51.06382979,0,0,264,100,,,0,0,2.38,21.45539067,TRUE
206,207,10.1.1.14,10.1.1.45,42,44,272,264,138,1,FALSE,0,TRUE,517,86,32.57575758,16.6344294,75,87.21,0,0,3.389099256,0.61283071,48,55.81,2.38,6.989256051,FALSE
207,208,10.1.1.14,10.1.1.18,42,9,0,264,0,0,TRUE,0,TRUE,517,0,0,0,0,,0,,,,0,,2.38,0,FALSE
208,209,10.1.1.14,10.1.1.31,42,7,0,264,0,0,TRUE,0,TRUE,517,0,0,0,0,,0,,,,0,,2.38,0,FALSE
209,210,10.1.1.14,10.1.1.20,42,6,0,264,0,0,TRUE,0,TRUE,517,0,0,0,0,,0,,,,0,,2.38,0,FALSE
210,211,10.1.1.14,10.1.1.30,42,24,0,264,0,0,TRUE,0,TRUE,517,0,0,0,0,,0,,,,0,,2.38,0,FALSE
211,212,10.1.1.14,10.1.1.4,42,8,0,264,0,0,TRUE,0,TRUE,517,264,100,51.06382979,0,0,264,100,,,0,0,2.38,21.45539067,TRUE
212,213,10.1.1.14,10.1.1.19,42,30,14,264,11,2,FALSE,0,TRUE,517,2,0.757575758,0.386847195,2,100,0,0,3.2594005,0.465628643,1,50,2.38,0.162540838,FALSE
213,214,10.1.1.14,10.1.1.48,42,10,0,264,0,0,TRUE,0,TRUE,517,0,0,0,0,,0,,,,0,,2.38,0,FALSE
214,215,10.1.1.14,10.1.1.50,42,29,238,264,157,1,FALSE,0,TRUE,517,59,22.34848485,11.41199226,50,84.75,0,0,2.658533034,0.471643,22,37.29,2.38,4.794954732,FALSE
215,216,10.1.1.14,10.1.1.41,42,32,247,264,147,1,FALSE,0,TRUE,517,62,23.48484848,11.99226306,56,90.32,0,0,3.691435371,0.691755272,38,61.29,2.38,5.03876599,FALSE
216,217,10.1.1.14,10.1.1.49,42,27,213,264,115,4,FALSE,0,TRUE,517,42,15.90909091,8.123791103,27,64.29,0,0,1.965788833,0.469912516,56,133.33,2.38,3.413357606,FALSE
217,218,10.1.1.14,10.1.1.24,42,13,130,264,45,4,FALSE,0,TRUE,517,45,17.04545455,8.704061896,36,80,0,0,2.642297356,0.493982297,40,88.89,2.38,3.657168864,FALSE
218,219,10.1.1.14,10.1.1.13,42,2,5,264,1,0,TRUE,0,TRUE,517,1,0.378787879,0.193423598,0,0,0,0,0.002137,0.0010685,3,300,2.38,0.081270419,FALSE
219,220,10.1.1.15,10.1.1.11,41,20,117,269,56,10,FALSE,0,TRUE,970,30,11.15241636,3.092783505,28,93.33,0,0,3.602083467,0.646737495,31,103.33,2.44,1.267534223,FALSE
220,221,10.1.1.15,10.1.1.36,41,13,0,269,0,0,TRUE,0,TRUE,970,0,0,0,0,,0,,,,0,,2.44,0,FALSE
221,222,10.1.1.15,10.1.1.21,41,24,267,269,117,1,FALSE,0,TRUE,970,77,28.62453532,7.93814433,68,88.31,0,0,3.735636182,0.742638819,73,94.81,2.44,3.25333784,FALSE
222,223,10.1.1.15,10.1.1.35,41,12,0,269,0,0,TRUE,0,TRUE,970,0,0,0,0,,0,,,,0,,2.44,0,FALSE
223,224,10.1.1.15,10.1.1.16,41,137,398,269,256,65,FALSE,0,TRUE,970,68,25.27881041,7.010309278,49,72.06,0,0,2.317933662,0.549454451,74,108.82,2.44,2.873077573,FALSE
224,225,10.1.1.15,10.1.1.28,41,62,54,269,36,0,TRUE,0,TRUE,970,7,2.602230483,0.721649485,1,14.29,0,0,1.602183,0.53362723,11,157.14,2.44,0.295757985,FALSE
225,226,10.1.1.15,10.1.1.8,41,48,0,269,0,0,TRUE,0,TRUE,970,0,0,0,0,,0,,,,0,,2.44,0,FALSE
226,227,10.1.1.15,10.1.1.46,41,18,11,269,10,0,TRUE,0,TRUE,970,1,0.371747212,0.103092784,1,100,0,0,3.335482,0.476497429,0,0,2.44,0.042251141,FALSE
227,228,10.1.1.15,10.1.1.43,41,19,0,269,0,0,TRUE,0,TRUE,970,0,0,0,0,,0,,,,0,,2.44,0,FALSE
228,229,10.1.1.15,10.1.1.25,41,24,0,269,0,0,TRUE,0,TRUE,970,0,0,0,0,,0,,,,0,,2.44,0,FALSE
229,230,10.1.1.15,10.1.1.38,41,34,0,269,0,0,TRUE,0,TRUE,970,0,0,0,0,,0,,,,0,,2.44,0,FALSE
230,231,10.1.1.15,10.1.1.15,41,30,115,269,70,21,FALSE,0,TRUE,970,22,8.178438662,2.268041237,11,50,0,0,1.816597545,0.392193108,23,104.55,2.44,0.929525097,FALSE
231,232,10.1.1.15,10.1.1.34,41,22,226,269,100,3,FALSE,0,TRUE,970,79,29.36802974,8.144329897,73,92.41,0,0,3.438409025,0.718556538,47,59.49,2.44,3.337840122,FALSE
232,233,10.1.1.15,10.1.1.39,41,29,0,269,0,0,TRUE,0,TRUE,970,0,0,0,0,,0,,,,0,,2.44,0,FALSE
233,234,10.1.1.15,10.1.1.5,41,22,132,269,35,0,TRUE,0,TRUE,970,84,31.2267658,8.659793814,73,86.9,0,0,3.911039893,0.968532379,13,15.48,2.44,3.549095826,FALSE
234,235,10.1.1.15,10.1.1.6,41,53,0,269,0,0,TRUE,0,TRUE,970,0,0,0,0,,0,,,,0,,2.44,0,FALSE
235,236,10.1.1.15,10.1.1.37,41,14,85,269,35,3,FALSE,0,TRUE,970,39,14.49814126,4.020618557,37,94.87,0,0,4.872208154,1.055196847,11,28.21,2.44,1.64779449,FALSE
236,237,10.1.1.15,10.1.1.33,41,20,32,269,14,0,TRUE,0,TRUE,970,15,5.576208178,1.546391753,13,86.67,0,0,3.866999267,0.986736452,3,20,2.44,0.633767112,FALSE
237,238,10.1.1.15,10.1.1.2,41,12,109,269,48,2,FALSE,0,TRUE,970,45,16.72862454,4.639175258,33,73.33,0,0,2.062867711,0.553857922,16,35.56,2.44,1.901301335,FALSE
238,239,10.1.1.15,10.1.1.27,41,19,31,269,20,0,TRUE,0,TRUE,970,8,2.973977695,0.824742268,5,62.5,0,0,3.647778625,0.98930877,3,37.5,2.44,0.338009126,FALSE
239,240,10.1.1.15,10.1.1.1,41,11,0,269,0,0,TRUE,0,TRUE,970,0,0,0,0,,0,,,,0,,2.44,0,FALSE
240,241,10.1.1.15,10.1.1.10,41,42,25,269,14,0,TRUE,0,TRUE,970,10,3.717472119,1.030927835,8,80,0,0,4.102833,0.680206223,1,10,2.44,0.422511408,FALSE
241,242,10.1.1.15,10.1.1.49,41,60,354,269,181,3,FALSE,0,TRUE,970,91,33.82899628,9.381443299,74,81.32,0,0,2.374049549,0.47094195,82,90.11,2.44,3.844853811,FALSE
242,243,10.1.1.15,10.1.1.44,41,17,17,269,5,0,TRUE,0,TRUE,970,5,1.858736059,0.515463918,0,0,0,0,1.7666608,0.8837673,7,140,2.44,0.211255704,FALSE
243,244,10.1.1.15,10.1.1.20,41,19,0,269,0,0,TRUE,0,TRUE,970,0,0,0,0,,0,,,,0,,2.44,0,FALSE
244,245,10.1.1.15,10.1.1.18,41,17,0,269,0,0,TRUE,0,TRUE,970,0,0,0,0,,0,,,,0,,2.44,0,FALSE
245,246,10.1.1.15,10.1.1.32,41,30,0,269,0,0,TRUE,0,TRUE,970,0,0,0,0,,0,,,,0,,2.44,0,FALSE
246,247,10.1.1.15,10.1.1.30,41,15,120,269,55,1,FALSE,0,TRUE,970,48,17.84386617,4.948453608,48,100,0,0,3.914453958,0.815653364,17,35.42,2.44,2.028054757,FALSE
247,248,10.1.1.15,10.1.1.3,41,26,0,269,0,0,TRUE,0,TRUE,970,269,100,27.73195876,0,0,269,100,,,0,0,2.44,11.36555687,TRUE
248,249,10.1.1.15,10.1.1.4,41,7,12,269,0,0,TRUE,0,TRUE,970,269,100,27.73195876,0,0,269,100,0.57650625,0.088126944,0,0,2.44,11.36555687,TRUE
249,250,10.1.1.15,10.1.1.50,41,22,46,269,34,0,TRUE,0,TRUE,970,6,2.230483271,0.618556701,2,33.33,0,0,0.599867667,0.110454917,6,100,2.44,0.253506845,FALSE
250,251,10.1.1.15,10.1.1.48,41,10,102,269,47,0,TRUE,0,TRUE,970,42,15.6133829,4.329896907,42,100,0,0,4.509235595,0.893570951,13,30.95,2.44,1.774547913,FALSE
251,252,10.1.1.15,10.1.1.24,41,28,383,269,155,5,FALSE,0,TRUE,970,148,55.01858736,15.25773196,132,89.19,0,0,3.438450284,0.666568675,80,54.05,2.44,6.253168836,FALSE
252,253,10.1.1.15,10.1.1.19,41,11,62,269,34,8,FALSE,0,TRUE,970,16,5.94795539,1.649484536,14,87.5,0,0,1.373910875,0.405007937,12,75,2.44,0.676018252,FALSE
253,254,10.1.1.15,10.1.1.41,41,6,122,269,63,0,TRUE,0,TRUE,970,33,12.26765799,3.402061856,28,84.85,0,0,2.812621727,0.441126849,26,78.79,2.44,1.394287646,FALSE
254,255,10.1.1.15,10.1.1.29,41,7,139,269,48,0,TRUE,0,TRUE,970,47,17.47211896,4.845360825,41,87.23,0,0,3.194273064,0.537567448,44,93.62,2.44,1.985803617,FALSE
255,256,10.1.1.15,10.1.1.7,41,2,38,269,20,0,TRUE,0,TRUE,970,11,4.089219331,1.134020619,1,9.09,0,0,0.917079636,0.880069227,7,63.64,2.44,0.464762549,FALSE
256,257,10.1.1.15,10.1.1.17,41,13,86,269,33,4,FALSE,0,TRUE,970,22,8.178438662,2.268041237,15,68.18,0,0,2.949962364,0.612634798,31,140.91,2.44,0.929525097,FALSE
257,258,10.1.1.15,10.1.1.12,41,11,36,269,0,0,TRUE,0,TRUE,970,269,100,27.73195876,0,0,269,100,1.41291975,0.472076375,0,0,2.44,11.36555687,TRUE
258,259,10.1.1.15,10.1.1.13,41,9,40,269,28,5,FALSE,0,TRUE,970,4,1.486988848,0.412371134,0,0,0,0,0.26499,0.132495,8,200,2.44,0.169004563,FALSE
259,260,10.1.1.15,10.1.1.45,41,3,18,269,6,0,TRUE,0,TRUE,970,4,1.486988848,0.412371134,1,25,0,0,1.7084865,0.770599458,8,200,2.44,0.169004563,FALSE
260,261,10.1.1.1,10.1.1.45,49,16,13,217,13,0,TRUE,0,TRUE,906,0,0,0,0,,0,,,,0,,2.04,0,FALSE
261,262,10.1.1.1,10.1.1.2,49,141,378,217,187,2,FALSE,0,TRUE,906,140,64.51612903,15.45253863,91,65,0,0,2.639295529,0.813159192,51,36.43,2.04,7.574773839,FALSE
262,263,10.1.1.1,10.1.1.1,49,53,107,217,52,3,FALSE,0,TRUE,906,32,14.74654378,3.53200883,14,43.75,0,0,2.284623031,0.737539098,23,71.88,2.04,1.731376877,FALSE
263,264,10.1.1.1,10.1.1.3,49,18,71,217,0,0,TRUE,0,TRUE,906,217,100,23.95143488,0,0,217,100,1.498071032,0.678532597,0,0,2.04,11.74089945,TRUE
264,265,10.1.1.1,10.1.1.50,49,6,0,217,0,0,TRUE,0,TRUE,906,0,0,0,0,,0,,,,0,,2.04,0,FALSE
265,266,10.1.1.1,10.1.1.41,49,16,145,217,52,0,TRUE,0,TRUE,906,46,21.19815668,5.077262693,37,80.43,0,0,2.639207957,0.361999518,47,102.17,2.04,2.488854261,FALSE
266,267,10.1.1.1,10.1.1.47,49,16,34,217,12,0,TRUE,0,TRUE,906,15,6.912442396,1.655629139,4,26.67,0,0,2.228613533,1.111798889,7,46.67,2.04,0.811582911,FALSE
267,268,10.1.1.1,10.1.1.18,49,13,7,217,7,1,FALSE,0,TRUE,906,0,0,0,0,,0,,,,0,,2.04,0,FALSE
268,269,10.1.1.1,10.1.1.44,49,10,8,217,6,0,TRUE,0,TRUE,906,0,0,0,0,,0,,,,2,,2.04,0,FALSE
269,270,10.1.1.1,10.1.1.43,49,10,10,217,5,0,TRUE,0,TRUE,906,0,0,0,0,,0,,,,5,,2.04,0,FALSE
270,271,10.1.1.1,10.1.1.15,49,11,44,217,25,7,FALSE,0,TRUE,906,8,3.686635945,0.883002208,1,12.5,0,0,0.667609,0.336605458,11,137.5,2.04,0.432844219,FALSE
271,272,10.1.1.1,10.1.1.10,49,20,52,217,19,0,TRUE,0,TRUE,906,10,4.608294931,1.103752759,10,100,0,0,3.9856617,0.662238968,23,230,2.04,0.541055274,FALSE
272,273,10.1.1.1,10.1.1.7,49,6,16,217,9,0,TRUE,0,TRUE,906,6,2.764976959,0.662251656,1,16.67,0,0,0.126362667,0.063960556,1,16.67,2.04,0.324633165,FALSE
273,274,10.1.1.1,10.1.1.28,49,16,26,217,14,0,TRUE,0,TRUE,906,5,2.304147465,0.55187638,0,0,0,0,1.2765982,0.639881,7,140,2.04,0.270527637,FALSE
274,275,10.1.1.1,10.1.1.37,49,45,9,217,4,0,TRUE,0,TRUE,906,4,1.843317972,0.441501104,4,100,0,0,4.92637825,0.447852568,1,25,2.04,0.21642211,FALSE
275,276,10.1.1.1,10.1.1.5,49,9,8,217,3,0,TRUE,0,TRUE,906,2,0.921658986,0.220750552,1,50,0,0,0.007652,0.003592917,3,150,2.04,0.108211055,FALSE
276,277,10.1.1.1,10.1.1.38,49,20,78,217,32,0,TRUE,0,TRUE,906,25,11.52073733,2.759381898,11,44,0,0,1.83681216,0.544983355,21,84,2.04,1.352638186,FALSE
277,278,10.1.1.1,10.1.1.6,49,9,46,217,23,0,TRUE,0,TRUE,906,17,7.834101382,1.876379691,5,29.41,0,0,1.821239471,0.530226374,6,35.29,2.04,0.919793966,FALSE
278,279,10.1.1.1,10.1.1.33,49,11,55,217,19,0,TRUE,0,TRUE,906,20,9.216589862,2.207505519,13,65,0,0,2.6891854,1.024176783,16,80,2.04,1.082110548,FALSE
279,280,10.1.1.1,10.1.1.8,49,14,48,217,24,0,TRUE,0,TRUE,906,15,6.912442396,1.655629139,12,80,0,0,3.675996067,0.795009106,9,60,2.04,0.811582911,FALSE
280,281,10.1.1.1,10.1.1.39,49,9,7,217,7,0,TRUE,0,TRUE,906,0,0,0,0,,0,,,,0,,2.04,0,FALSE
281,282,10.1.1.1,10.1.1.16,49,15,117,217,64,24,FALSE,0,TRUE,906,20,9.216589862,2.207505519,15,75,0,0,1.6460024,0.355427472,33,165,2.04,1.082110548,FALSE
282,283,10.1.1.1,10.1.1.29,49,29,200,217,78,0,TRUE,0,TRUE,906,66,30.41474654,7.284768212,59,89.39,0,0,3.177987409,0.607986216,56,84.85,2.04,3.57096481,FALSE
283,284,10.1.1.1,10.1.1.14,49,61,0,217,0,0,TRUE,0,TRUE,906,0,0,0,0,,0,,,,0,,2.04,0,FALSE
284,285,10.1.1.1,10.1.1.27,49,42,18,217,11,0,TRUE,0,TRUE,906,3,1.382488479,0.331125828,3,100,0,0,4.06848,0.581211429,4,133.33,2.04,0.162316582,FALSE
285,286,10.1.1.1,10.1.1.49,49,18,78,217,31,2,FALSE,0,TRUE,906,22,10.13824885,2.428256071,12,54.55,0,0,2.367641864,0.681908117,25,113.64,2.04,1.190321603,FALSE
286,287,10.1.1.1,10.1.1.26,49,44,27,217,14,0,TRUE,0,TRUE,906,8,3.686635945,0.883002208,7,87.5,0,0,4.21772725,0.564351283,5,62.5,2.04,0.432844219,FALSE
287,288,10.1.1.1,10.1.1.25,49,65,126,217,59,1,FALSE,0,TRUE,906,24,11.05990783,2.649006623,4,16.67,0,0,2.324052208,1.082421319,43,179.17,2.04,1.298532658,FALSE
288,289,10.1.1.1,10.1.1.9,49,25,121,217,53,1,FALSE,0,TRUE,906,42,19.35483871,4.635761589,31,73.81,0,0,2.21855819,0.548747312,26,61.9,2.04,2.272432152,FALSE
289,290,10.1.1.1,10.1.1.32,49,12,81,217,25,1,FALSE,0,TRUE,906,23,10.59907834,2.538631347,21,91.3,0,0,2.707489,0.510706564,33,143.48,2.04,1.244427131,FALSE
290,291,10.1.1.1,10.1.1.36,49,7,0,217,0,0,TRUE,0,TRUE,906,0,0,0,0,,0,,,,0,,2.04,0,FALSE
291,292,10.1.1.1,10.1.1.34,49,23,21,217,18,2,FALSE,0,TRUE,906,3,1.382488479,0.331125828,1,33.33,0,0,0.008511667,0.003372,0,0,2.04,0.162316582,FALSE
292,293,10.1.1.1,10.1.1.17,49,42,260,217,102,38,FALSE,0,TRUE,906,79,36.40552995,8.719646799,44,55.7,0,0,1.957814304,0.607647261,79,100,2.04,4.274336666,FALSE
293,294,10.1.1.1,10.1.1.22,49,28,37,217,15,0,TRUE,0,TRUE,906,8,3.686635945,0.883002208,6,75,0,0,1.401100375,0.528333271,14,175,2.04,0.432844219,FALSE
294,295,10.1.1.1,10.1.1.42,49,37,8,217,8,0,TRUE,0,TRUE,906,0,0,0,0,,0,,,,0,,2.04,0,FALSE
295,296,10.1.1.1,10.1.1.46,49,16,96,217,57,3,FALSE,0,TRUE,906,24,11.05990783,2.649006623,5,20.83,0,0,1.52745725,1.027869918,15,62.5,2.04,1.298532658,FALSE
296,297,10.1.1.1,10.1.1.40,49,10,0,217,0,0,TRUE,0,TRUE,906,0,0,0,0,,0,,,,0,,2.04,0,FALSE
297,298,10.1.1.1,10.1.1.20,49,7,15,217,15,8,FALSE,0,TRUE,906,0,0,0,0,,0,,,,0,,2.04,0,FALSE
298,299,10.1.1.1,10.1.1.31,49,8,36,217,15,0,TRUE,0,TRUE,906,10,4.608294931,1.103752759,8,80,0,0,4.2926989,0.828970738,11,110,2.04,0.541055274,FALSE
299,300,10.1.1.1,10.1.1.4,49,8,79,217,0,0,TRUE,0,TRUE,906,217,100,23.95143488,0,0,217,100,2.274452577,0.612574282,0,0,2.04,11.74089945,TRUE
300,301,10.1.1.1,10.1.1.30,49,4,24,217,9,0,TRUE,0,TRUE,906,5,2.304147465,0.55187638,5,100,0,0,4.4067964,0.718193621,10,200,2.04,0.270527637,FALSE
301,302,10.1.1.1,10.1.1.48,49,17,100,217,33,0,TRUE,0,TRUE,906,48,22.11981567,5.298013245,47,97.92,0,0,3.136147292,0.619710626,19,39.58,2.04,2.597065316,FALSE
302,303,10.1.1.1,10.1.1.23,49,4,11,217,7,0,TRUE,0,TRUE,906,2,0.921658986,0.220750552,1,50,0,0,0.006367,0.002412333,2,100,2.04,0.108211055,FALSE
303,304,10.1.1.1,10.1.1.19,49,14,108,217,37,4,FALSE,0,TRUE,906,36,16.58986175,3.973509934,34,94.44,0,0,3.456344667,0.725620224,35,97.22,2.04,1.947798987,FALSE
304,305,10.1.1.1,10.1.1.11,49,4,106,217,53,7,FALSE,0,TRUE,906,21,9.677419355,2.317880795,20,95.24,0,0,3.572192286,0.643763198,32,152.38,2.04,1.136216076,FALSE
305,306,10.1.1.1,10.1.1.21,49,6,96,217,38,1,FALSE,0,TRUE,906,26,11.98156682,2.869757174,21,80.77,0,0,2.620197346,0.453136208,32,123.08,2.04,1.406743713,FALSE
306,307,10.1.1.1,10.1.1.24,49,9,108,217,45,6,FALSE,0,TRUE,906,32,14.74654378,3.53200883,25,78.12,0,0,2.112927219,0.47276931,31,96.88,2.04,1.731376877,FALSE
307,308,10.1.1.1,10.1.1.12,49,8,27,217,0,0,TRUE,0,TRUE,906,217,100,23.95143488,0,0,217,100,3.50554,0.500791429,0,0,2.04,11.74089945,TRUE
308,309,10.1.1.1,10.1.1.13,49,6,18,217,17,3,FALSE,0,TRUE,906,1,0.460829493,0.110375276,1,100,0,0,1.699199,0.42479975,0,0,2.04,0.054105527,FALSE
309,310,10.1.1.2,10.1.1.45,43,40,0,183,0,0,TRUE,0,TRUE,797,0,0,0,0,,0,,,,0,,2.33,0,FALSE
310,311,10.1.1.2,10.1.1.37,43,15,87,183,27,1,FALSE,0,TRUE,797,42,22.95081967,5.269761606,37,88.1,0,0,2.730601381,0.562512145,18,42.86,2.33,2.26170026,FALSE
311,312,10.1.1.2,10.1.1.3,43,150,314,183,0,0,TRUE,0,TRUE,797,183,100,22.96110414,0,0,183,100,1.529999763,0.570118902,0,0,2.33,9.854551133,TRUE
312,313,10.1.1.2,10.1.1.12,43,14,0,183,0,0,TRUE,0,TRUE,797,183,100,22.96110414,0,0,183,100,,,0,0,2.33,9.854551133,TRUE
313,314,10.1.1.2,10.1.1.41,43,17,0,183,0,0,TRUE,0,TRUE,797,0,0,0,0,,0,,,,0,,2.33,0,FALSE
314,315,10.1.1.2,10.1.1.2,43,18,34,183,21,0,TRUE,0,TRUE,797,8,4.371584699,1.003764115,3,37.5,0,0,3.01123325,1.29278942,5,62.5,2.33,0.43080005,FALSE
315,316,10.1.1.2,10.1.1.1,43,50,91,183,55,3,FALSE,0,TRUE,797,17,9.289617486,2.132998745,2,11.76,0,0,1.121563353,0.7520885,19,111.76,2.33,0.915450105,FALSE
316,317,10.1.1.2,10.1.1.50,43,14,0,183,0,0,TRUE,0,TRUE,797,0,0,0,0,,0,,,,0,,2.33,0,FALSE
317,318,10.1.1.2,10.1.1.31,43,82,58,183,18,0,TRUE,0,TRUE,797,22,12.02185792,2.760351317,15,68.18,0,0,1.882856727,0.320520228,18,81.82,2.33,1.184700136,FALSE
318,319,10.1.1.2,10.1.1.27,43,32,16,183,12,0,TRUE,0,TRUE,797,1,0.546448087,0.125470514,1,100,0,0,0.01997,0.006656667,3,300,2.33,0.053850006,FALSE
319,320,10.1.1.2,10.1.1.18,43,47,44,183,26,16,FALSE,0,TRUE,797,8,4.371584699,1.003764115,5,62.5,0,0,1.817581875,0.407570235,10,125,2.33,0.43080005,FALSE
320,321,10.1.1.2,10.1.1.44,43,41,0,183,0,0,TRUE,0,TRUE,797,0,0,0,0,,0,,,,0,,2.33,0,FALSE
321,322,10.1.1.2,10.1.1.21,43,4,0,183,0,0,TRUE,0,TRUE,797,0,0,0,0,,0,,,,0,,2.33,0,FALSE
322,323,10.1.1.2,10.1.1.43,43,40,127,183,52,1,FALSE,0,TRUE,797,44,24.04371585,5.520702635,34,77.27,0,0,1.888241455,0.516806248,31,70.45,2.33,2.369400272,FALSE
323,324,10.1.1.2,10.1.1.20,43,33,1,183,1,0,TRUE,0,TRUE,797,0,0,0,0,,0,,,,0,,2.33,0,FALSE
324,325,10.1.1.2,10.1.1.15,43,8,0,183,0,0,TRUE,0,TRUE,797,0,0,0,0,,0,,,,0,,2.33,0,FALSE
325,326,10.1.1.2,10.1.1.8,43,12,17,183,14,4,FALSE,0,TRUE,797,3,1.639344262,0.376411543,2,66.67,0,0,1.056922333,0.585334778,0,0,2.33,0.161550019,FALSE
326,327,10.1.1.2,10.1.1.7,43,21,0,183,0,0,TRUE,0,TRUE,797,0,0,0,0,,0,,,,0,,2.33,0,FALSE
327,328,10.1.1.2,10.1.1.30,43,53,127,183,51,1,FALSE,0,TRUE,797,37,20.21857923,4.642409034,23,62.16,0,0,1.494973973,0.395685045,39,105.41,2.33,1.992450229,FALSE
328,329,10.1.1.2,10.1.1.33,43,42,177,183,66,2,FALSE,0,TRUE,797,68,37.15846995,8.531994981,55,80.88,0,0,2.93934275,0.81083566,43,63.24,2.33,3.661800421,FALSE
329,330,10.1.1.2,10.1.1.5,43,21,79,183,29,2,FALSE,0,TRUE,797,36,19.67213115,4.516938519,25,69.44,0,0,1.678138889,0.484731651,14,38.89,2.33,1.938600223,FALSE
330,331,10.1.1.2,10.1.1.6,43,29,97,183,47,1,FALSE,0,TRUE,797,37,20.21857923,4.642409034,18,48.65,0,0,2.81437527,0.999651295,13,35.14,2.33,1.992450229,FALSE
331,332,10.1.1.2,10.1.1.39,43,43,1,183,1,0,TRUE,0,TRUE,797,0,0,0,0,,0,,,,0,,2.33,0,FALSE
332,333,10.1.1.2,10.1.1.28,43,23,0,183,0,0,TRUE,0,TRUE,797,0,0,0,0,,0,,,,0,,2.33,0,FALSE
333,334,10.1.1.2,10.1.1.47,43,65,202,183,83,0,TRUE,0,TRUE,797,72,39.3442623,9.033877039,40,55.56,0,0,1.802099278,0.648939536,47,65.28,2.33,3.877200446,FALSE
334,335,10.1.1.2,10.1.1.49,43,15,0,183,0,0,TRUE,0,TRUE,797,0,0,0,0,,0,,,,0,,2.33,0,FALSE
335,336,10.1.1.2,10.1.1.32,43,40,59,183,17,1,FALSE,0,TRUE,797,24,13.1147541,3.011292346,22,91.67,0,0,1.402327458,0.413614475,18,75,2.33,1.292400149,FALSE
336,337,10.1.1.2,10.1.1.4,43,42,13,183,0,0,TRUE,0,TRUE,797,183,100,22.96110414,0,0,183,100,0.076212,0.038106,0,0,2.33,9.854551133,TRUE
337,338,10.1.1.2,10.1.1.36,43,12,0,183,0,0,TRUE,0,TRUE,797,0,0,0,0,,0,,,,0,,2.33,0,FALSE
338,339,10.1.1.2,10.1.1.16,43,24,0,183,0,0,TRUE,0,TRUE,797,0,0,0,0,,0,,,,0,,2.33,0,FALSE
339,340,10.1.1.2,10.1.1.10,43,19,0,183,0,0,TRUE,0,TRUE,797,0,0,0,0,,0,,,,0,,2.33,0,FALSE
340,341,10.1.1.2,10.1.1.9,43,25,105,183,30,4,FALSE,0,TRUE,797,64,34.9726776,8.030112923,53,82.81,0,0,3.3969655,0.813679863,11,17.19,2.33,3.446400396,FALSE
341,342,10.1.1.2,10.1.1.29,43,9,56,183,26,0,TRUE,0,TRUE,797,20,10.92896175,2.509410289,16,80,0,0,2.61960635,0.691861664,10,50,2.33,1.077000124,FALSE
342,343,10.1.1.2,10.1.1.34,43,9,29,183,11,0,TRUE,0,TRUE,797,12,6.557377049,1.505646173,11,91.67,0,0,2.61036775,0.76610899,6,50,2.33,0.646200074,FALSE
343,344,10.1.1.2,10.1.1.17,43,6,145,183,51,27,FALSE,0,TRUE,797,53,28.96174863,6.649937265,19,35.85,0,0,1.729774981,0.680236347,41,77.36,2.33,2.854050328,FALSE
344,345,10.1.1.2,10.1.1.46,43,11,80,183,44,3,FALSE,0,TRUE,797,21,11.47540984,2.634880803,5,23.81,0,0,1.762990905,1.183577949,15,71.43,2.33,1.13085013,FALSE
345,346,10.1.1.2,10.1.1.38,43,20,91,183,48,0,TRUE,0,TRUE,797,22,12.02185792,2.760351317,12,54.55,0,0,2.211780227,0.57877745,21,95.45,2.33,1.184700136,FALSE
346,347,10.1.1.2,10.1.1.25,43,10,65,183,32,1,FALSE,0,TRUE,797,15,8.196721311,1.882057716,2,13.33,0,0,2.912530533,1.399303702,18,120,2.33,0.807750093,FALSE
347,348,10.1.1.2,10.1.1.22,43,18,71,183,35,0,TRUE,0,TRUE,797,16,8.743169399,2.007528231,9,56.25,0,0,0.869955687,0.195383237,20,125,2.33,0.861600099,FALSE
348,349,10.1.1.2,10.1.1.26,43,9,27,183,20,0,TRUE,0,TRUE,797,2,1.092896175,0.250941029,1,50,0,0,1.018661,0.424047667,5,250,2.33,0.107700012,FALSE
349,350,10.1.1.2,10.1.1.23,43,18,59,183,34,0,TRUE,0,TRUE,797,7,3.825136612,0.878293601,1,14.29,0,0,0.978042429,0.488815786,18,257.14,2.33,0.376950043,FALSE
350,351,10.1.1.2,10.1.1.14,43,10,42,183,25,16,FALSE,0,TRUE,797,12,6.557377049,1.505646173,11,91.67,0,0,1.502102417,0.397379168,5,41.67,2.33,0.646200074,FALSE
351,352,10.1.1.2,10.1.1.42,43,5,11,183,6,1,FALSE,0,TRUE,797,2,1.092896175,0.250941029,1,50,0,0,1.017683,0.340207167,3,150,2.33,0.107700012,FALSE
352,353,10.1.1.3,10.1.1.20,46,25,0,165,0,0,TRUE,0,TRUE,560,0,0,0,0,,0,,,,0,,2.17,0,FALSE
353,354,10.1.1.3,10.1.1.4,46,154,236,165,0,0,TRUE,0,TRUE,560,165,100,29.46428571,0,0,165,100,2.519037275,0.697487177,0,0,2.17,13.57801185,TRUE
354,355,10.1.1.3,10.1.1.13,46,31,33,165,25,4,FALSE,0,TRUE,560,2,1.212121212,0.357142857,1,50,0,0,0.854864,0.215064125,6,300,2.17,0.164581962,FALSE
355,356,10.1.1.3,10.1.1.27,46,12,15,165,7,0,TRUE,0,TRUE,560,2,1.212121212,0.357142857,2,100,0,0,3.479824,0.497117714,6,300,2.17,0.164581962,FALSE
356,357,10.1.1.3,10.1.1.30,46,59,11,165,6,0,TRUE,0,TRUE,560,1,0.606060606,0.178571429,0,0,0,0,0.009039,0.0045195,4,400,2.17,0.082290981,FALSE
357,358,10.1.1.3,10.1.1.19,46,67,131,165,58,4,FALSE,0,TRUE,560,31,18.78787879,5.535714286,30,96.77,0,0,4.423793452,0.807472678,42,135.48,2.17,2.551020408,FALSE
358,359,10.1.1.3,10.1.1.24,46,27,42,165,16,1,FALSE,0,TRUE,560,16,9.696969697,2.857142857,13,81.25,0,0,1.71262925,0.256863643,10,62.5,2.17,1.316655695,FALSE
359,360,10.1.1.3,10.1.1.48,46,33,114,165,27,0,TRUE,0,TRUE,560,70,42.42424242,12.5,64,91.43,0,0,2.752012386,0.641882893,17,24.29,2.17,5.760368664,FALSE
360,361,10.1.1.3,10.1.1.12,46,23,36,165,0,0,TRUE,0,TRUE,560,165,100,29.46428571,0,0,165,100,1.170405333,0.168181929,0,0,2.17,13.57801185,TRUE
361,362,10.1.1.3,10.1.1.50,46,6,0,165,0,0,TRUE,0,TRUE,560,0,0,0,0,,0,,,,0,,2.17,0,FALSE
362,363,10.1.1.3,10.1.1.41,46,9,39,165,16,0,TRUE,0,TRUE,560,11,6.666666667,1.964285714,7,63.64,0,0,1.844216,0.202941271,12,109.09,2.17,0.90520079,FALSE
363,364,10.1.1.3,10.1.1.45,46,28,40,165,21,0,TRUE,0,TRUE,560,1,0.606060606,0.178571429,0,0,0,0,2.796183,1.3980915,18,1800,2.17,0.082290981,FALSE
364,365,10.1.1.3,10.1.1.21,46,15,49,165,21,0,TRUE,0,TRUE,560,11,6.666666667,1.964285714,10,90.91,0,0,2.589558545,0.321855444,17,154.55,2.17,0.90520079,FALSE
365,366,10.1.1.3,10.1.1.11,46,17,87,165,45,4,FALSE,0,TRUE,560,11,6.666666667,1.964285714,10,90.91,0,0,3.250351455,0.45803954,31,281.82,2.17,0.90520079,FALSE
366,367,10.1.1.3,10.1.1.15,46,8,0,165,0,0,TRUE,0,TRUE,560,0,0,0,0,,0,,,,0,,2.17,0,FALSE
367,368,10.1.1.3,10.1.1.43,46,13,23,165,13,1,FALSE,0,TRUE,560,6,3.636363636,1.071428571,0,0,0,0,1.154210833,0.618998,4,66.67,2.17,0.493745885,FALSE
368,369,10.1.1.3,10.1.1.18,46,33,36,165,14,0,TRUE,0,TRUE,560,11,6.666666667,1.964285714,11,100,0,0,4.903084182,0.613797532,11,100,2.17,0.90520079,FALSE
369,370,10.1.1.3,10.1.1.31,46,50,41,165,27,0,TRUE,0,TRUE,560,7,4.242424242,1.25,5,71.43,0,0,2.227239571,0.524055957,7,100,2.17,0.576036866,FALSE
370,371,10.1.1.3,10.1.1.5,46,8,24,165,10,1,FALSE,0,TRUE,560,12,7.272727273,2.142857143,5,41.67,0,0,0.75922025,0.307447125,2,16.67,2.17,0.987491771,FALSE
371,372,10.1.1.3,10.1.1.6,46,15,11,165,10,0,TRUE,0,TRUE,560,0,0,0,0,,0,,,,1,,2.17,0,FALSE
372,373,10.1.1.3,10.1.1.3,46,42,10,165,0,0,TRUE,0,TRUE,560,165,100,29.46428571,0,0,165,100,0.008422,0.008422,0,0,2.17,13.57801185,TRUE
373,374,10.1.1.3,10.1.1.49,46,15,10,165,2,0,TRUE,0,TRUE,560,6,3.636363636,1.071428571,1,16.67,0,0,0.898451167,0.447879389,2,33.33,2.17,0.493745885,FALSE
374,375,10.1.1.3,10.1.1.39,46,46,19,165,19,0,TRUE,0,TRUE,560,0,0,0,0,,0,,,,0,,2.17,0,FALSE
375,376,10.1.1.3,10.1.1.44,46,25,51,165,32,0,TRUE,0,TRUE,560,4,2.424242424,0.714285714,1,25,0,0,1.7869575,0.616451083,15,375,2.17,0.329163924,FALSE
376,377,10.1.1.3,10.1.1.32,46,20,0,165,0,0,TRUE,0,TRUE,560,0,0,0,0,,0,,,,0,,2.17,0,FALSE
377,378,10.1.1.3,10.1.1.36,46,19,14,165,14,0,TRUE,0,TRUE,560,0,0,0,0,,0,,,,0,,2.17,0,FALSE
378,379,10.1.1.3,10.1.1.7,46,7,0,165,0,0,TRUE,0,TRUE,560,0,0,0,0,,0,,,,0,,2.17,0,FALSE
379,380,10.1.1.3,10.1.1.28,46,3,0,165,0,0,TRUE,0,TRUE,560,0,0,0,0,,0,,,,0,,2.17,0,FALSE
380,381,10.1.1.3,10.1.1.16,46,7,26,165,12,6,FALSE,0,TRUE,560,5,3.03030303,0.892857143,5,100,0,0,0.4732732,0.092696356,9,180,2.17,0.411454905,FALSE
381,382,10.1.1.3,10.1.1.47,46,24,25,165,18,0,TRUE,0,TRUE,560,3,1.818181818,0.535714286,0,0,0,0,2.635078667,1.317539333,4,133.33,2.17,0.246872943,FALSE
382,383,10.1.1.3,10.1.1.9,46,24,108,165,42,0,TRUE,0,TRUE,560,41,24.84848485,7.321428571,31,75.61,0,0,3.131245,0.690565263,25,60.98,2.17,3.373930217,FALSE
383,384,10.1.1.3,10.1.1.10,46,10,39,165,18,0,TRUE,0,TRUE,560,10,6.060606061,1.785714286,10,100,0,0,2.4914834,0.307249707,11,110,2.17,0.822909809,FALSE
384,385,10.1.1.3,10.1.1.38,46,13,1,165,1,0,TRUE,0,TRUE,560,0,0,0,0,,0,,,,0,,2.17,0,FALSE
385,386,10.1.1.3,10.1.1.34,46,12,4,165,4,0,TRUE,0,TRUE,560,0,0,0,0,,0,,,,0,,2.17,0,FALSE
386,387,10.1.1.3,10.1.1.29,46,10,106,165,45,0,TRUE,0,TRUE,560,28,16.96969697,5,25,89.29,0,0,3.458363464,0.467982311,33,117.86,2.17,2.304147465,FALSE
387,388,10.1.1.3,10.1.1.8,46,24,52,165,27,0,TRUE,0,TRUE,560,15,9.090909091,2.678571429,13,86.67,0,0,3.9784228,0.836063176,10,66.67,2.17,1.234364714,FALSE
388,389,10.1.1.3,10.1.1.17,46,28,140,165,60,11,FALSE,0,TRUE,560,37,22.42424242,6.607142857,29,78.38,0,0,2.331518703,0.505650418,43,116.22,2.17,3.044766294,FALSE
389,390,10.1.1.3,10.1.1.46,46,14,28,165,21,0,TRUE,0,TRUE,560,2,1.212121212,0.357142857,0,0,0,0,3.9752185,1.98760925,5,250,2.17,0.164581962,FALSE
390,391,10.1.1.3,10.1.1.37,46,8,28,165,16,0,TRUE,0,TRUE,560,7,4.242424242,1.25,7,100,0,0,2.214141857,0.202675328,5,71.43,2.17,0.576036866,FALSE
391,392,10.1.1.3,10.1.1.1,46,9,29,165,21,1,FALSE,0,TRUE,560,5,3.03030303,0.892857143,4,80,0,0,1.0564058,0.409758617,3,60,2.17,0.411454905,FALSE
392,393,10.1.1.3,10.1.1.25,46,19,76,165,31,1,FALSE,0,TRUE,560,26,15.75757576,4.642857143,14,53.85,0,0,1.977624769,0.553592291,19,73.08,2.17,2.139565504,FALSE
393,394,10.1.1.3,10.1.1.22,46,16,58,165,30,1,FALSE,0,TRUE,560,10,6.060606061,1.785714286,8,80,0,0,2.0224364,0.614920904,18,180,2.17,0.822909809,FALSE
394,395,10.1.1.3,10.1.1.2,46,9,147,165,53,2,FALSE,0,TRUE,560,72,43.63636364,12.85714286,61,84.72,0,0,2.640925667,0.536496753,22,30.56,2.17,5.924950625,FALSE
395,396,10.1.1.3,10.1.1.26,46,4,22,165,12,0,TRUE,0,TRUE,560,6,3.636363636,1.071428571,6,100,0,0,5.244494,0.698086679,4,66.67,2.17,0.493745885,FALSE
396,397,10.1.1.3,10.1.1.33,46,5,10,165,4,0,TRUE,0,TRUE,560,0,0,0,0,,0,,,,6,,2.17,0,FALSE
397,398,10.1.1.3,10.1.1.23,46,4,45,165,21,0,TRUE,0,TRUE,560,18,10.90909091,3.214285714,11,61.11,0,0,1.498760222,0.509267685,6,33.33,2.17,1.481237656,FALSE
398,399,10.1.1.4,10.1.1.47,49,30,53,178,23,0,TRUE,0,TRUE,968,16,8.988764045,1.652892562,11,68.75,0,0,1.3045655,0.45000234,14,87.5,2.04,0.810241452,FALSE
399,400,10.1.1.4,10.1.1.5,49,154,346,178,127,2,FALSE,0,TRUE,968,180,101.1235955,18.59504132,143,79.44,0,0,3.378753211,0.955173066,39,21.67,2.04,9.115216334,FALSE
400,401,10.1.1.4,10.1.1.41,49,40,30,178,23,0,TRUE,0,TRUE,968,7,3.93258427,0.723140496,7,100,0,0,3.197776429,0.480995831,0,0,2.04,0.354480635,FALSE
401,402,10.1.1.4,10.1.1.50,49,17,48,178,21,0,TRUE,0,TRUE,968,22,12.35955056,2.272727273,20,90.91,0,0,2.288435409,0.454436467,5,22.73,2.04,1.114081996,FALSE
402,403,10.1.1.4,10.1.1.18,49,25,35,178,14,6,FALSE,0,TRUE,968,13,7.303370787,1.342975207,12,92.31,0,0,1.344687538,0.229290482,8,61.54,2.04,0.65832118,FALSE
403,404,10.1.1.4,10.1.1.34,49,18,93,178,28,0,TRUE,0,TRUE,968,40,22.47191011,4.132231405,39,97.5,0,0,4.41560055,0.895358239,25,62.5,2.04,2.02560363,FALSE
404,405,10.1.1.4,10.1.1.44,49,28,0,178,0,0,TRUE,0,TRUE,968,0,0,0,0,,0,,,,0,,2.04,0,FALSE
405,406,10.1.1.4,10.1.1.38,49,28,24,178,14,0,TRUE,0,TRUE,968,6,3.370786517,0.619834711,2,33.33,0,0,0.971975833,0.445236667,4,66.67,2.04,0.303840544,FALSE
406,407,10.1.1.4,10.1.1.25,49,22,31,178,15,0,TRUE,0,TRUE,968,13,7.303370787,1.342975207,5,38.46,0,0,1.932763538,0.541623344,3,23.08,2.04,0.65832118,FALSE
407,408,10.1.1.4,10.1.1.43,49,24,58,178,20,1,FALSE,0,TRUE,968,23,12.92134831,2.376033058,10,43.48,0,0,1.398024609,0.66093718,15,65.22,2.04,1.164722087,FALSE
408,409,10.1.1.4,10.1.1.28,49,24,15,178,15,0,TRUE,0,TRUE,968,0,0,0,0,,0,,,,0,,2.04,0,FALSE
409,410,10.1.1.4,10.1.1.15,49,30,25,178,25,0,TRUE,0,TRUE,968,0,0,0,0,,0,,,,0,,2.04,0,FALSE
410,411,10.1.1.4,10.1.1.16,49,24,69,178,42,9,FALSE,0,TRUE,968,13,7.303370787,1.342975207,11,84.62,0,0,4.537513923,1.029306613,14,107.69,2.04,0.65832118,FALSE
411,412,10.1.1.4,10.1.1.7,49,8,47,178,27,0,TRUE,0,TRUE,968,16,8.988764045,1.652892562,15,93.75,0,0,3.859585188,0.6641898,4,25,2.04,0.810241452,FALSE
412,413,10.1.1.4,10.1.1.10,49,21,27,178,9,0,TRUE,0,TRUE,968,12,6.741573034,1.239669421,9,75,0,0,2.804489417,0.813300012,6,50,2.04,0.607681089,FALSE
413,414,10.1.1.4,10.1.1.6,49,39,7,178,4,0,TRUE,0,TRUE,968,3,1.685393258,0.309917355,0,0,0,0,2.849503333,1.424751667,0,0,2.04,0.151920272,FALSE
414,415,10.1.1.4,10.1.1.29,49,12,40,178,14,0,TRUE,0,TRUE,968,13,7.303370787,1.342975207,13,100,0,0,4.446449923,1.148373767,13,100,2.04,0.65832118,FALSE
415,416,10.1.1.4,10.1.1.26,49,7,15,178,12,0,TRUE,0,TRUE,968,1,0.561797753,0.103305785,0,0,0,0,1.013928,0.506964,2,200,2.04,0.050640091,FALSE
416,417,10.1.1.4,10.1.1.39,49,34,23,178,9,0,TRUE,0,TRUE,968,5,2.808988764,0.516528926,1,20,0,0,1.4747818,0.719259733,9,180,2.04,0.253200454,FALSE
417,418,10.1.1.4,10.1.1.8,49,28,3,178,2,0,TRUE,0,TRUE,968,1,0.561797753,0.103305785,0,0,0,0,3.027512,3.027512,0,0,2.04,0.050640091,FALSE
418,419,10.1.1.4,10.1.1.14,49,9,26,178,9,5,FALSE,0,TRUE,968,7,3.93258427,0.723140496,6,85.71,0,0,1.695108714,0.682686857,10,142.86,2.04,0.354480635,FALSE
419,420,10.1.1.4,10.1.1.33,49,66,63,178,33,1,FALSE,0,TRUE,968,6,3.370786517,0.619834711,5,83.33,0,0,2.157483667,0.603707325,24,400,2.04,0.303840544,FALSE
420,421,10.1.1.4,10.1.1.37,49,9,66,178,20,0,TRUE,0,TRUE,968,36,20.2247191,3.719008264,35,97.22,0,0,4.543043722,0.884103111,10,27.78,2.04,1.823043267,FALSE
421,422,10.1.1.4,10.1.1.2,49,11,3,178,2,0,TRUE,0,TRUE,968,1,0.561797753,0.103305785,0,0,0,0,0.00794,0.00397,0,0,2.04,0.050640091,FALSE
422,423,10.1.1.4,10.1.1.27,49,8,60,178,12,0,TRUE,0,TRUE,968,42,23.59550562,4.338842975,39,92.86,0,0,2.440923976,0.61049837,6,14.29,2.04,2.126883811,FALSE
423,424,10.1.1.4,10.1.1.1,49,10,16,178,13,2,FALSE,0,TRUE,968,3,1.685393258,0.309917355,2,66.67,0,0,0.947990333,0.316064333,0,0,2.04,0.151920272,FALSE
424,425,10.1.1.4,10.1.1.3,49,25,61,178,0,0,TRUE,0,TRUE,968,178,100,18.38842975,0,0,178,100,2.658548261,0.904191281,0,0,2.04,9.013936153,TRUE
425,426,10.1.1.4,10.1.1.20,49,19,6,178,6,0,TRUE,0,TRUE,968,0,0,0,0,,0,,,,0,,2.04,0,FALSE
426,427,10.1.1.4,10.1.1.31,49,14,33,178,15,0,TRUE,0,TRUE,968,11,6.179775281,1.136363636,10,90.91,0,0,3.641746636,0.57867289,7,63.64,2.04,0.557040998,FALSE
427,428,10.1.1.4,10.1.1.30,49,28,229,178,80,2,FALSE,0,TRUE,968,92,51.68539326,9.504132231,87,94.57,0,0,3.62050363,0.784933475,57,61.96,2.04,4.658888349,FALSE
428,429,10.1.1.4,10.1.1.45,49,28,71,178,36,0,TRUE,0,TRUE,968,27,15.16853933,2.789256198,22,81.48,0,0,4.413471222,0.788566282,8,29.63,2.04,1.36728245,FALSE
429,430,10.1.1.4,10.1.1.4,49,11,22,178,0,0,TRUE,0,TRUE,968,178,100,18.38842975,0,0,178,100,1.523093429,0.510939738,0,0,2.04,9.013936153,TRUE
430,431,10.1.1.4,10.1.1.19,49,18,0,178,0,0,TRUE,0,TRUE,968,0,0,0,0,,0,,,,0,,2.04,0,FALSE
431,432,10.1.1.4,10.1.1.21,49,18,117,178,47,0,TRUE,0,TRUE,968,52,29.21348315,5.371900826,45,86.54,0,0,4.159346635,0.867916072,18,34.62,2.04,2.633284719,FALSE
432,433,10.1.1.4,10.1.1.48,49,21,92,178,34,0,TRUE,0,TRUE,968,44,24.71910112,4.545454545,42,95.45,0,0,4.622046727,1.036333408,14,31.82,2.04,2.228163993,FALSE
433,434,10.1.1.4,10.1.1.24,49,13,160,178,48,1,FALSE,0,TRUE,968,87,48.87640449,8.987603306,82,94.25,0,0,4.084589897,0.80109567,25,28.74,2.04,4.405687895,FALSE
434,435,10.1.1.4,10.1.1.23,49,9,86,178,32,0,TRUE,0,TRUE,968,29,16.29213483,2.995867769,27,93.1,0,0,3.430805621,0.745463834,25,86.21,2.04,1.468562632,FALSE
435,436,10.1.1.4,10.1.1.12,49,18,19,178,0,0,TRUE,0,TRUE,968,178,100,18.38842975,0,0,178,100,,,0,0,2.04,9.013936153,TRUE
436,437,10.1.1.4,10.1.1.13,49,20,1,178,1,0,TRUE,0,TRUE,968,0,0,0,0,,0,,,,0,,2.04,0,FALSE
437,438,10.1.1.4,10.1.1.11,49,27,71,178,34,10,FALSE,0,TRUE,968,31,17.41573034,3.202479339,30,96.77,0,0,4.044990548,0.723763198,6,19.35,2.04,1.569842813,FALSE
438,439,10.1.1.4,10.1.1.36,49,3,0,178,0,0,TRUE,0,TRUE,968,0,0,0,0,,0,,,,0,,2.04,0,FALSE
439,440,10.1.1.4,10.1.1.49,49,2,93,178,41,0,TRUE,0,TRUE,968,33,18.53932584,3.409090909,33,100,0,0,2.794800121,0.515596295,19,57.58,2.04,1.671122995,FALSE
440,441,10.1.1.4,10.1.1.9,49,5,37,178,9,0,TRUE,0,TRUE,968,15,8.426966292,1.549586777,13,86.67,0,0,4.400893267,1.542437565,13,86.67,2.04,0.759601361,FALSE
441,442,10.1.1.4,10.1.1.17,49,6,34,178,15,10,FALSE,0,TRUE,968,4,2.247191011,0.41322314,3,75,0,0,3.03374175,0.927161854,15,375,2.04,0.202560363,FALSE
442,443,10.1.1.4,10.1.1.46,49,6,32,178,18,0,TRUE,0,TRUE,968,9,5.056179775,0.929752066,5,55.56,0,0,2.377361444,0.724970322,5,55.56,2.04,0.455760817,FALSE
443,444,10.1.1.4,10.1.1.32,49,4,34,178,9,1,FALSE,0,TRUE,968,22,12.35955056,2.272727273,20,90.91,0,0,1.1866005,0.364259177,3,13.64,2.04,1.114081996,FALSE
444,445,10.1.1.4,10.1.1.22,49,6,19,178,13,0,TRUE,0,TRUE,968,2,1.123595506,0.20661157,1,50,0,0,3.004502,0.6028747,4,200,2.04,0.101280181,FALSE
445,446,10.1.1.4,10.1.1.42,49,6,8,178,7,0,TRUE,0,TRUE,968,1,0.561797753,0.103305785,1,100,0,0,0.271657,0.06791425,0,0,2.04,0.050640091,FALSE
446,447,10.1.1.4,10.1.1.40,49,20,3,178,3,0,TRUE,0,TRUE,968,0,0,0,0,,0,,,,0,,2.04,0,FALSE
447,448,10.1.1.5,10.1.1.33,43,53,18,136,9,0,TRUE,0,TRUE,451,0,0,0,0,,0,,,,9,,2.33,0,FALSE
448,449,10.1.1.5,10.1.1.9,43,22,41,136,14,1,FALSE,0,TRUE,451,24,17.64705882,5.321507761,17,70.83,0,0,3.385488333,1.031055787,3,12.5,2.33,2.28390891,FALSE
449,450,10.1.1.5,10.1.1.6,43,157,220,136,105,1,FALSE,0,TRUE,451,91,66.91176471,20.17738359,48,52.75,0,0,2.464274022,0.643499562,24,26.37,2.33,8.659821284,FALSE
450,451,10.1.1.5,10.1.1.14,43,40,22,136,16,15,FALSE,0,TRUE,451,3,2.205882353,0.66518847,1,33.33,0,0,0.760093333,0.268277444,3,100,2.33,0.285488614,FALSE
451,452,10.1.1.5,10.1.1.10,43,54,0,136,0,0,TRUE,0,TRUE,451,0,0,0,0,,0,,,,0,,2.33,0,FALSE
452,453,10.1.1.5,10.1.1.15,43,15,0,136,0,0,TRUE,0,TRUE,451,0,0,0,0,,0,,,,0,,2.33,0,FALSE
453,454,10.1.1.5,10.1.1.7,43,19,0,136,0,0,TRUE,0,TRUE,451,0,0,0,0,,0,,,,0,,2.33,0,FALSE
454,455,10.1.1.5,10.1.1.29,43,32,49,136,28,0,TRUE,0,TRUE,451,15,11.02941176,3.32594235,13,86.67,0,0,2.8580892,0.687608125,6,40,2.33,1.427443069,FALSE
455,456,10.1.1.5,10.1.1.43,43,7,0,136,0,0,TRUE,0,TRUE,451,0,0,0,0,,0,,,,0,,2.33,0,FALSE
456,457,10.1.1.5,10.1.1.8,43,56,15,136,13,0,TRUE,0,TRUE,451,2,1.470588235,0.44345898,0,0,0,0,1.782235,1.782235,0,0,2.33,0.190325743,FALSE
457,458,10.1.1.5,10.1.1.39,43,70,43,136,25,0,TRUE,0,TRUE,451,7,5.147058824,1.55210643,1,14.29,0,0,1.440577286,0.720185738,11,157.14,2.33,0.666140099,FALSE
458,459,10.1.1.5,10.1.1.36,43,8,0,136,0,0,TRUE,0,TRUE,451,0,0,0,0,,0,,,,0,,2.33,0,FALSE
459,460,10.1.1.5,10.1.1.35,43,9,0,136,0,0,TRUE,0,TRUE,451,0,0,0,0,,0,,,,0,,2.33,0,FALSE
460,461,10.1.1.5,10.1.1.28,43,42,0,136,0,0,TRUE,0,TRUE,451,0,0,0,0,,0,,,,0,,2.33,0,FALSE
461,462,10.1.1.5,10.1.1.46,43,20,75,136,39,3,FALSE,0,TRUE,451,24,17.64705882,5.321507761,5,20.83,0,0,1.543466292,1.036056269,12,50,2.33,2.28390891,FALSE
462,463,10.1.1.5,10.1.1.26,43,14,10,136,3,0,TRUE,0,TRUE,451,0,0,0,0,,0,,,,7,,2.33,0,FALSE
463,464,10.1.1.5,10.1.1.38,43,26,78,136,29,0,TRUE,0,TRUE,451,26,19.11764706,5.764966741,11,42.31,0,0,1.797866115,0.541592338,23,88.46,2.33,2.474234653,FALSE
464,465,10.1.1.5,10.1.1.34,43,17,28,136,10,0,TRUE,0,TRUE,451,12,8.823529412,2.66075388,11,91.67,0,0,2.60967525,0.765878171,6,50,2.33,1.141954455,FALSE
465,466,10.1.1.5,10.1.1.16,43,50,0,136,0,0,TRUE,0,TRUE,451,0,0,0,0,,0,,,,0,,2.33,0,FALSE
466,467,10.1.1.5,10.1.1.25,43,17,64,136,30,1,FALSE,0,TRUE,451,14,10.29411765,3.10421286,2,14.29,0,0,2.521976357,1.242426667,20,142.86,2.33,1.332280198,FALSE
467,468,10.1.1.5,10.1.1.5,43,39,15,136,9,0,TRUE,0,TRUE,451,4,2.941176471,0.88691796,3,75,0,0,2.36255675,0.913507333,2,50,2.33,0.380651485,FALSE
468,469,10.1.1.5,10.1.1.37,43,15,63,136,18,1,FALSE,0,TRUE,451,30,22.05882353,6.651884701,27,90,0,0,2.610612333,0.572984467,15,50,2.33,2.854886138,FALSE
469,470,10.1.1.5,10.1.1.2,43,8,47,136,23,0,TRUE,0,TRUE,451,18,13.23529412,3.99113082,9,50,0,0,3.815278444,1.598401542,6,33.33,2.33,1.712931683,FALSE
470,471,10.1.1.5,10.1.1.27,43,20,5,136,5,0,TRUE,0,TRUE,451,0,0,0,0,,0,,,,0,,2.33,0,FALSE
471,472,10.1.1.5,10.1.1.1,43,20,77,136,40,3,FALSE,0,TRUE,451,17,12.5,3.76940133,4,23.53,0,0,1.223103118,0.802582377,20,117.65,2.33,1.617768811,FALSE
472,473,10.1.1.5,10.1.1.44,43,11,0,136,0,0,TRUE,0,TRUE,451,0,0,0,0,,0,,,,0,,2.33,0,FALSE
473,474,10.1.1.5,10.1.1.18,43,23,36,136,15,7,FALSE,0,TRUE,451,14,10.29411765,3.10421286,14,100,0,0,3.929281357,0.587089213,7,50,2.33,1.332280198,FALSE
474,475,10.1.1.5,10.1.1.20,43,32,16,136,16,0,TRUE,0,TRUE,451,0,0,0,0,,0,,,,0,,2.33,0,FALSE
475,476,10.1.1.5,10.1.1.3,43,30,141,136,0,0,TRUE,0,TRUE,451,136,100,30.15521064,0,0,136,100,1.509058982,0.568240472,0,0,2.33,12.94215049,TRUE
476,477,10.1.1.5,10.1.1.30,43,18,4,136,1,0,TRUE,0,TRUE,451,2,1.470588235,0.44345898,2,100,0,0,2.477993,0.61949825,1,50,2.33,0.190325743,FALSE
477,478,10.1.1.5,10.1.1.4,43,21,9,136,0,0,TRUE,0,TRUE,451,136,100,30.15521064,0,0,136,100,,,0,0,2.33,12.94215049,TRUE
478,479,10.1.1.5,10.1.1.19,43,24,0,136,0,0,TRUE,0,TRUE,451,0,0,0,0,,0,,,,0,,2.33,0,FALSE
479,480,10.1.1.5,10.1.1.45,43,18,0,136,0,0,TRUE,0,TRUE,451,0,0,0,0,,0,,,,0,,2.33,0,FALSE
480,481,10.1.1.5,10.1.1.21,43,19,0,136,0,0,TRUE,0,TRUE,451,0,0,0,0,,0,,,,0,,2.33,0,FALSE
481,482,10.1.1.5,10.1.1.48,43,12,0,136,0,0,TRUE,0,TRUE,451,0,0,0,0,,0,,,,0,,2.33,0,FALSE
482,483,10.1.1.5,10.1.1.49,43,13,0,136,0,0,TRUE,0,TRUE,451,0,0,0,0,,0,,,,0,,2.33,0,FALSE
483,484,10.1.1.5,10.1.1.50,43,8,0,136,0,0,TRUE,0,TRUE,451,0,0,0,0,,0,,,,0,,2.33,0,FALSE
484,485,10.1.1.5,10.1.1.32,43,22,4,136,4,0,TRUE,0,TRUE,451,0,0,0,0,,0,,,,0,,2.33,0,FALSE
485,486,10.1.1.5,10.1.1.47,43,5,72,136,32,0,TRUE,0,TRUE,451,36,26.47058824,7.982261641,14,38.89,0,0,2.003913861,0.815869499,4,11.11,2.33,3.425863365,FALSE
486,487,10.1.1.5,10.1.1.17,43,6,106,136,41,22,FALSE,0,TRUE,451,38,27.94117647,8.425720621,9,23.68,0,0,2.249280658,0.893395515,27,71.05,2.33,3.616189108,FALSE
487,488,10.1.1.5,10.1.1.22,43,16,35,136,26,0,TRUE,0,TRUE,451,3,2.205882353,0.66518847,2,66.67,0,0,2.002772333,0.401177911,6,200,2.33,0.285488614,FALSE
488,489,10.1.1.5,10.1.1.31,43,7,44,136,18,0,TRUE,0,TRUE,451,15,11.02941176,3.32594235,14,93.33,0,0,3.086657933,0.515922723,11,73.33,2.33,1.427443069,FALSE
489,490,10.1.1.5,10.1.1.23,43,0,10,136,7,0,TRUE,0,TRUE,451,1,0.735294118,0.22172949,0,0,0,0,0.013223,0.0066115,2,200,2.33,0.095162871,FALSE
490,491,10.1.1.6,10.1.1.33,44,46,20,225,3,0,TRUE,0,TRUE,360,14,6.222222222,3.888888889,10,71.43,0,0,3.235556357,0.390687227,3,21.43,2.27,1.713166911,FALSE
491,492,10.1.1.6,10.1.1.9,44,10,0,225,0,0,TRUE,0,TRUE,360,0,0,0,0,,0,,,,0,,2.27,0,FALSE
492,493,10.1.1.6,10.1.1.17,44,3,34,225,12,2,FALSE,0,TRUE,360,5,2.222222222,1.388888889,4,80,0,0,0.3441974,0.080576667,17,340,2.27,0.611845326,FALSE
493,494,10.1.1.6,10.1.1.49,44,45,83,225,35,0,TRUE,0,TRUE,360,29,12.88888889,8.055555556,18,62.07,0,0,3.000823931,0.734769152,19,65.52,2.27,3.548702888,FALSE
494,495,10.1.1.6,10.1.1.6,44,21,0,225,0,0,TRUE,0,TRUE,360,0,0,0,0,,0,,,,0,,2.27,0,FALSE
495,496,10.1.1.6,10.1.1.14,44,23,11,225,11,6,FALSE,0,TRUE,360,0,0,0,0,,0,,,,0,,2.27,0,FALSE
496,497,10.1.1.6,10.1.1.10,44,31,0,225,0,0,TRUE,0,TRUE,360,0,0,0,0,,0,,,,0,,2.27,0,FALSE
497,498,10.1.1.6,10.1.1.43,44,29,0,225,0,0,TRUE,0,TRUE,360,0,0,0,0,,0,,,,0,,2.27,0,FALSE
498,499,10.1.1.6,10.1.1.15,44,18,114,225,87,18,FALSE,0,TRUE,360,15,6.666666667,4.166666667,9,60,0,0,1.745480867,0.409854712,12,80,2.27,1.835535977,FALSE
499,500,10.1.1.6,10.1.1.7,44,145,298,225,202,0,TRUE,0,TRUE,360,65,28.88888889,18.05555556,34,52.31,0,0,2.045104138,0.6518381,31,47.69,2.27,7.953989232,FALSE
500,501,10.1.1.6,10.1.1.29,44,16,24,225,10,0,TRUE,0,TRUE,360,4,1.777777778,1.111111111,3,75,0,0,2.214667,0.230950948,10,250,2.27,0.48947626,FALSE
501,502,10.1.1.6,10.1.1.8,44,17,0,225,0,0,TRUE,0,TRUE,360,0,0,0,0,,0,,,,0,,2.27,0,FALSE
502,503,10.1.1.6,10.1.1.36,44,24,0,225,0,0,TRUE,0,TRUE,360,0,0,0,0,,0,,,,0,,2.27,0,FALSE
503,504,10.1.1.6,10.1.1.35,44,3,0,225,0,0,TRUE,0,TRUE,360,0,0,0,0,,0,,,,0,,2.27,0,FALSE
504,505,10.1.1.6,10.1.1.28,44,38,96,225,87,0,TRUE,0,TRUE,360,4,1.777777778,1.111111111,0,0,0,0,0.2514965,0.126332,5,125,2.27,0.48947626,FALSE
505,506,10.1.1.6,10.1.1.46,44,12,5,225,5,0,TRUE,0,TRUE,360,0,0,0,0,,0,,,,0,,2.27,0,FALSE
506,507,10.1.1.6,10.1.1.26,44,12,0,225,0,0,TRUE,0,TRUE,360,0,0,0,0,,0,,,,0,,2.27,0,FALSE
507,508,10.1.1.6,10.1.1.38,44,11,0,225,0,0,TRUE,0,TRUE,360,0,0,0,0,,0,,,,0,,2.27,0,FALSE
508,509,10.1.1.6,10.1.1.34,44,6,26,225,20,0,TRUE,0,TRUE,360,2,0.888888889,0.555555556,2,100,0,0,1.4595605,0.152005533,4,200,2.27,0.24473813,FALSE
509,510,10.1.1.6,10.1.1.5,44,7,45,225,22,0,TRUE,0,TRUE,360,19,8.444444444,5.277777778,19,100,0,0,4.016754474,0.644545902,4,21.05,2.27,2.325012237,FALSE
510,511,10.1.1.6,10.1.1.47,44,20,0,225,0,0,TRUE,0,TRUE,360,0,0,0,0,,0,,,,0,,2.27,0,FALSE
511,512,10.1.1.6,10.1.1.2,44,6,22,225,11,2,FALSE,0,TRUE,360,8,3.555555556,2.222222222,6,75,0,0,1.53077975,0.162575969,3,37.5,2.27,0.978952521,FALSE
512,513,10.1.1.6,10.1.1.3,44,26,0,225,0,0,TRUE,0,TRUE,360,225,100,62.5,0,0,225,100,,,0,0,2.27,27.53303965,TRUE
513,514,10.1.1.6,10.1.1.31,44,26,0,225,0,0,TRUE,0,TRUE,360,0,0,0,0,,0,,,,0,,2.27,0,FALSE
514,515,10.1.1.6,10.1.1.39,44,25,0,225,0,0,TRUE,0,TRUE,360,0,0,0,0,,0,,,,0,,2.27,0,FALSE
515,516,10.1.1.6,10.1.1.44,44,29,79,225,69,0,TRUE,0,TRUE,360,3,1.333333333,0.833333333,0,0,0,0,5.755342667,2.877671333,7,233.33,2.27,0.367107195,FALSE
516,517,10.1.1.6,10.1.1.4,44,12,0,225,0,0,TRUE,0,TRUE,360,225,100,62.5,0,0,225,100,,,0,0,2.27,27.53303965,TRUE
517,518,10.1.1.6,10.1.1.30,44,14,12,225,12,0,TRUE,0,TRUE,360,0,0,0,0,,0,,,,0,,2.27,0,FALSE
518,519,10.1.1.6,10.1.1.48,44,31,0,225,0,0,TRUE,0,TRUE,360,0,0,0,0,,0,,,,0,,2.27,0,FALSE
519,520,10.1.1.6,10.1.1.32,44,10,0,225,0,0,TRUE,0,TRUE,360,0,0,0,0,,0,,,,0,,2.27,0,FALSE
520,521,10.1.1.6,10.1.1.50,44,25,42,225,40,0,TRUE,0,TRUE,360,0,0,0,0,,0,,,,2,,2.27,0,FALSE
521,522,10.1.1.6,10.1.1.24,44,25,43,225,30,1,FALSE,0,TRUE,360,7,3.111111111,1.944444444,6,85.71,0,0,2.243539857,0.355966874,6,85.71,2.27,0.856583456,FALSE
522,523,10.1.1.6,10.1.1.23,44,19,9,225,9,0,TRUE,0,TRUE,360,0,0,0,0,,0,,,,0,,2.27,0,FALSE
523,524,10.1.1.6,10.1.1.45,44,29,136,225,70,0,TRUE,0,TRUE,360,47,20.88888889,13.05555556,36,76.6,0,0,3.851766383,0.747729039,19,40.43,2.27,5.75134606,FALSE
524,525,10.1.1.6,10.1.1.21,44,20,55,225,32,0,TRUE,0,TRUE,360,15,6.666666667,4.166666667,14,93.33,0,0,4.446393267,0.72640563,8,53.33,2.27,1.835535977,FALSE
525,526,10.1.1.6,10.1.1.11,44,2,85,225,42,10,FALSE,0,TRUE,360,30,13.33333333,8.333333333,29,96.67,0,0,4.317593567,0.681505502,13,43.33,2.27,3.671071953,FALSE
526,527,10.1.1.6,10.1.1.41,44,3,120,225,61,0,TRUE,0,TRUE,360,42,18.66666667,11.66666667,35,83.33,0,0,3.236375262,0.451360428,17,40.48,2.27,5.139500734,FALSE
527,528,10.1.1.6,10.1.1.12,44,2,58,225,0,0,TRUE,0,TRUE,360,225,100,62.5,0,0,225,100,3.1190257,0.657134569,0,0,2.27,27.53303965,TRUE
528,529,10.1.1.6,10.1.1.13,44,6,77,225,58,10,FALSE,0,TRUE,360,12,5.333333333,3.333333333,9,75,0,0,1.59452325,0.241236899,7,58.33,2.27,1.468428781,FALSE
529,530,10.1.1.6,10.1.1.19,44,1,29,225,27,4,FALSE,0,TRUE,360,2,0.888888889,0.555555556,0,0,0,0,0.756447,0.3782235,0,0,2.27,0.24473813,FALSE
530,531,10.1.1.6,10.1.1.16,44,3,69,225,36,12,FALSE,0,TRUE,360,9,4,2.5,6,66.67,0,0,0.916326222,0.143916027,24,266.67,2.27,1.101321586,FALSE
531,532,10.1.1.6,10.1.1.25,44,2,3,225,2,1,FALSE,0,TRUE,360,0,0,0,0,,0,,,,1,,2.27,0,FALSE
532,533,10.1.1.6,10.1.1.18,44,7,26,225,20,3,FALSE,0,TRUE,360,3,1.333333333,0.833333333,2,66.67,0,0,2.943875,0.352890801,3,100,2.27,0.367107195,FALSE
533,534,10.1.1.6,10.1.1.22,44,4,50,225,15,1,FALSE,0,TRUE,360,15,6.666666667,4.166666667,14,93.33,0,0,2.834,0.321388002,20,133.33,2.27,1.835535977,FALSE
534,535,10.1.1.7,10.1.1.9,41,31,0,106,0,0,TRUE,0,TRUE,287,0,0,0,0,,0,,,,0,,2.44,0,FALSE
535,536,10.1.1.7,10.1.1.8,41,162,159,106,93,4,FALSE,0,TRUE,287,41,38.67924528,14.28571429,22,53.66,0,0,1.934244317,0.469235692,25,60.98,2.44,5.854800937,FALSE
536,537,10.1.1.7,10.1.1.14,41,35,20,106,18,12,FALSE,0,TRUE,287,1,0.943396226,0.348432056,1,100,0,0,2.256172,0.752057333,1,100,2.44,0.142800023,FALSE
537,538,10.1.1.7,10.1.1.39,41,79,57,106,40,0,TRUE,0,TRUE,287,5,4.716981132,1.742160279,1,20,0,0,1.4826728,0.741192333,12,240,2.44,0.714000114,FALSE
538,539,10.1.1.7,10.1.1.43,41,20,24,106,15,0,TRUE,0,TRUE,287,3,2.830188679,1.045296167,3,100,0,0,1.939355333,0.646451778,6,200,2.44,0.428400069,FALSE
539,540,10.1.1.7,10.1.1.15,41,13,0,106,0,0,TRUE,0,TRUE,287,0,0,0,0,,0,,,,0,,2.44,0,FALSE
540,541,10.1.1.7,10.1.1.28,41,54,0,106,0,0,TRUE,0,TRUE,287,0,0,0,0,,0,,,,0,,2.44,0,FALSE
541,542,10.1.1.7,10.1.1.16,41,48,0,106,0,0,TRUE,0,TRUE,287,0,0,0,0,,0,,,,0,,2.44,0,FALSE
542,543,10.1.1.7,10.1.1.46,41,34,14,106,11,0,TRUE,0,TRUE,287,1,0.943396226,0.348432056,1,100,0,0,4.523739,0.9047478,2,200,2.44,0.142800023,FALSE
543,544,10.1.1.7,10.1.1.35,41,9,0,106,0,0,TRUE,0,TRUE,287,0,0,0,0,,0,,,,0,,2.44,0,FALSE
544,545,10.1.1.7,10.1.1.29,41,50,0,106,0,0,TRUE,0,TRUE,287,0,0,0,0,,0,,,,0,,2.44,0,FALSE
545,546,10.1.1.7,10.1.1.36,41,18,0,106,0,0,TRUE,0,TRUE,287,0,0,0,0,,0,,,,0,,2.44,0,FALSE
546,547,10.1.1.7,10.1.1.6,41,56,10,106,8,0,TRUE,0,TRUE,287,2,1.886792453,0.696864111,0,0,0,0,0.745727,0.3728635,0,0,2.44,0.285600046,FALSE
547,548,10.1.1.7,10.1.1.7,41,20,0,106,0,0,TRUE,0,TRUE,287,0,0,0,0,,0,,,,0,,2.44,0,FALSE
548,549,10.1.1.7,10.1.1.10,41,63,0,106,0,0,TRUE,0,TRUE,287,0,0,0,0,,0,,,,0,,2.44,0,FALSE
549,550,10.1.1.7,10.1.1.26,41,35,113,106,38,1,FALSE,0,TRUE,287,31,29.24528302,10.80139373,27,87.1,0,0,2.506343484,0.378553497,44,141.94,2.44,4.426800708,FALSE
550,551,10.1.1.7,10.1.1.38,41,68,17,106,14,0,TRUE,0,TRUE,287,1,0.943396226,0.348432056,1,100,0,0,1.002304,0.125288,2,200,2.44,0.142800023,FALSE
551,552,10.1.1.7,10.1.1.5,41,29,10,106,4,0,TRUE,0,TRUE,287,4,3.773584906,1.393728223,3,75,0,0,2.22873025,0.846594083,2,50,2.44,0.571200091,FALSE
552,553,10.1.1.7,10.1.1.34,41,14,0,106,0,0,TRUE,0,TRUE,287,0,0,0,0,,0,,,,0,,2.44,0,FALSE
553,554,10.1.1.7,10.1.1.33,41,42,42,106,18,0,TRUE,0,TRUE,287,17,16.03773585,5.923344948,12,70.59,0,0,2.334111176,0.454241982,7,41.18,2.44,2.427600388,FALSE
554,555,10.1.1.7,10.1.1.2,41,14,78,106,25,0,TRUE,0,TRUE,287,42,39.62264151,14.63414634,37,88.1,0,0,3.587768095,0.695995448,11,26.19,2.44,5.99760096,FALSE
555,556,10.1.1.7,10.1.1.25,41,17,44,106,16,0,TRUE,0,TRUE,287,5,4.716981132,1.742160279,1,20,0,0,3.107503,1.1711289,23,460,2.44,0.714000114,FALSE
556,557,10.1.1.7,10.1.1.47,41,35,33,106,12,0,TRUE,0,TRUE,287,11,10.37735849,3.832752613,10,90.91,0,0,4.853994091,0.664006828,10,90.91,2.44,1.570800251,FALSE
557,558,10.1.1.7,10.1.1.37,41,16,40,106,9,0,TRUE,0,TRUE,287,6,5.660377358,2.090592334,6,100,0,0,0.155869333,0.038967333,25,416.67,2.44,0.856800137,FALSE
558,559,10.1.1.7,10.1.1.27,41,20,6,106,3,0,TRUE,0,TRUE,287,1,0.943396226,0.348432056,1,100,0,0,0.020226,0.006742,2,200,2.44,0.142800023,FALSE
559,560,10.1.1.7,10.1.1.1,41,25,42,106,23,0,TRUE,0,TRUE,287,14,13.20754717,4.87804878,12,85.71,0,0,3.646558643,0.693390975,5,35.71,2.44,1.99920032,FALSE
560,561,10.1.1.7,10.1.1.44,41,23,0,106,0,0,TRUE,0,TRUE,287,0,0,0,0,,0,,,,0,,2.44,0,FALSE
561,562,10.1.1.7,10.1.1.3,41,13,16,106,0,0,TRUE,0,TRUE,287,106,100,36.93379791,0,0,106,100,0.348684333,0.1745285,0,0,2.44,15.13680242,TRUE
562,563,10.1.1.7,10.1.1.20,41,73,26,106,26,6,FALSE,0,TRUE,287,0,0,0,0,,0,,,,0,,2.44,0,FALSE
563,564,10.1.1.7,10.1.1.49,41,16,0,106,0,0,TRUE,0,TRUE,287,0,0,0,0,,0,,,,0,,2.44,0,FALSE
564,565,10.1.1.7,10.1.1.18,41,67,63,106,30,1,FALSE,0,TRUE,287,19,17.9245283,6.620209059,15,78.95,0,0,3.565632105,0.61182815,14,73.68,2.44,2.713200434,FALSE
565,566,10.1.1.7,10.1.1.32,41,26,73,106,22,1,FALSE,0,TRUE,287,19,17.9245283,6.620209059,15,78.95,0,0,1.904283579,0.400431144,32,168.42,2.44,2.713200434,FALSE
566,567,10.1.1.7,10.1.1.17,41,18,7,106,7,5,FALSE,0,TRUE,287,0,0,0,0,,0,,,,0,,2.44,0,FALSE
567,568,10.1.1.7,10.1.1.31,41,40,90,106,46,1,FALSE,0,TRUE,287,26,24.52830189,9.059233449,21,80.77,0,0,2.472342731,0.47209951,18,69.23,2.44,3.712800594,FALSE
568,569,10.1.1.7,10.1.1.4,41,22,23,106,0,0,TRUE,0,TRUE,287,106,100,36.93379791,0,0,106,100,1.006492,0.503246,0,0,2.44,15.13680242,TRUE
569,570,10.1.1.7,10.1.1.22,41,26,86,106,42,1,FALSE,0,TRUE,287,20,18.86792453,6.968641115,12,60,0,0,1.30792345,0.381684775,24,120,2.44,2.856000457,FALSE
570,571,10.1.1.7,10.1.1.42,41,10,22,106,12,0,TRUE,0,TRUE,287,4,3.773584906,1.393728223,3,75,0,0,0.6902275,0.188759875,6,150,2.44,0.571200091,FALSE
571,572,10.1.1.7,10.1.1.40,41,14,10,106,10,0,TRUE,0,TRUE,287,0,0,0,0,,0,,,,0,,2.44,0,FALSE
572,573,10.1.1.7,10.1.1.30,41,10,42,106,22,0,TRUE,0,TRUE,287,9,8.490566038,3.135888502,4,44.44,0,0,2.235530667,0.530503383,11,122.22,2.44,1.285200206,FALSE
573,574,10.1.1.7,10.1.1.23,41,5,14,106,11,0,TRUE,0,TRUE,287,0,0,0,0,,0,,,,3,,2.44,0,FALSE
574,575,10.1.1.7,10.1.1.48,41,1,2,106,0,0,TRUE,0,TRUE,287,0,0,0,0,,0,,,,2,,2.44,0,FALSE
575,576,10.1.1.8,10.1.1.9,41,144,485,234,183,7,FALSE,0,TRUE,1184,217,92.73504274,18.3277027,157,72.35,0,0,2.990408424,0.731221361,85,39.17,2.44,7.511353567,FALSE
576,577,10.1.1.8,10.1.1.17,41,17,203,234,83,36,FALSE,0,TRUE,1184,55,23.5042735,4.64527027,35,63.64,0,0,2.563672436,0.802737313,65,118.18,2.44,1.903799291,FALSE
577,578,10.1.1.8,10.1.1.6,41,27,47,234,18,1,FALSE,0,TRUE,1184,23,9.829059829,1.942567568,17,73.91,0,0,3.41078487,0.851447867,6,26.09,2.44,0.796134249,FALSE
578,579,10.1.1.8,10.1.1.8,41,35,0,234,0,0,TRUE,0,TRUE,1184,0,0,0,0,,0,,,,0,,2.44,0,FALSE
579,580,10.1.1.8,10.1.1.43,41,12,101,234,42,0,TRUE,0,TRUE,1184,34,14.52991453,2.871621622,28,82.35,0,0,3.875183147,0.995377694,25,73.53,2.44,1.176894107,FALSE
580,581,10.1.1.8,10.1.1.15,41,9,0,234,0,0,TRUE,0,TRUE,1184,0,0,0,0,,0,,,,0,,2.44,0,FALSE
581,582,10.1.1.8,10.1.1.7,41,10,0,234,0,0,TRUE,0,TRUE,1184,0,0,0,0,,0,,,,0,,2.44,0,FALSE
582,583,10.1.1.8,10.1.1.33,41,29,150,234,46,1,FALSE,0,TRUE,1184,79,33.76068376,6.672297297,67,84.81,0,0,3.382966671,0.865476273,25,31.65,2.44,2.734548073,FALSE
583,584,10.1.1.8,10.1.1.49,41,36,0,234,0,0,TRUE,0,TRUE,1184,0,0,0,0,,0,,,,0,,2.44,0,FALSE
584,585,10.1.1.8,10.1.1.10,41,67,89,234,40,1,FALSE,0,TRUE,1184,17,7.264957265,1.435810811,15,88.24,0,0,1.557160471,0.198147932,32,188.24,2.44,0.588447054,FALSE
585,586,10.1.1.8,10.1.1.39,41,27,0,234,0,0,TRUE,0,TRUE,1184,0,0,0,0,,0,,,,0,,2.44,0,FALSE
586,587,10.1.1.8,10.1.1.14,41,44,0,234,0,0,TRUE,0,TRUE,1184,0,0,0,0,,0,,,,0,,2.44,0,FALSE
587,588,10.1.1.8,10.1.1.35,41,23,0,234,0,0,TRUE,0,TRUE,1184,0,0,0,0,,0,,,,0,,2.44,0,FALSE
588,589,10.1.1.8,10.1.1.36,41,28,0,234,0,0,TRUE,0,TRUE,1184,0,0,0,0,,0,,,,0,,2.44,0,FALSE
589,590,10.1.1.8,10.1.1.46,41,21,0,234,0,0,TRUE,0,TRUE,1184,0,0,0,0,,0,,,,0,,2.44,0,FALSE
590,591,10.1.1.8,10.1.1.29,41,109,334,234,147,0,TRUE,0,TRUE,1184,107,45.72649573,9.037162162,93,86.92,0,0,3.018621579,0.66740268,80,74.77,2.44,3.703754984,FALSE
591,592,10.1.1.8,10.1.1.32,41,40,0,234,0,0,TRUE,0,TRUE,1184,0,0,0,0,,0,,,,0,,2.44,0,FALSE
592,593,10.1.1.8,10.1.1.34,41,29,82,234,26,1,FALSE,0,TRUE,1184,37,15.81196581,3.125,31,83.78,0,0,2.661683865,0.757371391,19,51.35,2.44,1.280737705,FALSE
593,594,10.1.1.8,10.1.1.25,41,35,90,234,39,0,TRUE,0,TRUE,1184,18,7.692307692,1.52027027,12,66.67,0,0,2.008725,0.287960529,33,183.33,2.44,0.623061586,FALSE
594,595,10.1.1.8,10.1.1.26,41,30,0,234,0,0,TRUE,0,TRUE,1184,0,0,0,0,,0,,,,0,,2.44,0,FALSE
595,596,10.1.1.8,10.1.1.2,41,30,114,234,54,0,TRUE,0,TRUE,1184,41,17.52136752,3.462837838,31,75.61,0,0,1.876482146,0.48280956,19,46.34,2.44,1.419195835,FALSE
596,597,10.1.1.8,10.1.1.37,41,20,173,234,61,1,FALSE,0,TRUE,1184,76,32.47863248,6.418918919,66,86.84,0,0,3.228756934,0.740633136,36,47.37,2.44,2.630704475,FALSE
597,598,10.1.1.8,10.1.1.27,41,37,40,234,18,0,TRUE,0,TRUE,1184,10,4.273504274,0.844594595,9,90,0,0,2.3400583,0.293118515,12,120,2.44,0.346145326,FALSE
598,599,10.1.1.8,10.1.1.38,41,52,0,234,0,0,TRUE,0,TRUE,1184,0,0,0,0,,0,,,,0,,2.44,0,FALSE
599,600,10.1.1.8,10.1.1.1,41,12,0,234,0,0,TRUE,0,TRUE,1184,0,0,0,0,,0,,,,0,,2.44,0,FALSE
600,601,10.1.1.8,10.1.1.20,41,18,0,234,0,0,TRUE,0,TRUE,1184,0,0,0,0,,0,,,,0,,2.44,0,FALSE
601,602,10.1.1.8,10.1.1.18,41,16,0,234,0,0,TRUE,0,TRUE,1184,0,0,0,0,,0,,,,0,,2.44,0,FALSE
602,603,10.1.1.8,10.1.1.47,41,30,76,234,40,0,TRUE,0,TRUE,1184,29,12.39316239,2.449324324,14,48.28,0,0,2.468040828,1.081613283,7,24.14,2.44,1.003821444,FALSE
603,604,10.1.1.8,10.1.1.31,41,18,0,234,0,0,TRUE,0,TRUE,1184,0,0,0,0,,0,,,,0,,2.44,0,FALSE
604,605,10.1.1.8,10.1.1.3,41,25,73,234,0,0,TRUE,0,TRUE,1184,234,100,19.76351351,0,0,234,100,1.832868233,0.662564984,0,0,2.44,8.09980062,TRUE
605,606,10.1.1.8,10.1.1.4,41,25,95,234,0,0,TRUE,0,TRUE,1184,234,100,19.76351351,0,0,234,100,2.995734405,0.86272802,0,0,2.44,8.09980062,TRUE
606,607,10.1.1.8,10.1.1.48,41,16,236,234,73,0,TRUE,0,TRUE,1184,125,53.41880342,10.55743243,118,94.4,0,0,3.42801128,0.775632468,38,30.4,2.44,4.326816571,FALSE
607,608,10.1.1.8,10.1.1.23,41,8,102,234,35,0,TRUE,0,TRUE,1184,34,14.52991453,2.871621622,32,94.12,0,0,3.648371882,0.805841534,33,97.06,2.44,1.176894107,FALSE
608,609,10.1.1.8,10.1.1.30,41,1,91,234,27,0,TRUE,0,TRUE,1184,44,18.8034188,3.716216216,44,100,0,0,4.2857165,0.862197107,20,45.45,2.44,1.523039433,FALSE
609,610,10.1.1.8,10.1.1.5,41,4,46,234,10,0,TRUE,0,TRUE,1184,29,12.39316239,2.449324324,27,93.1,0,0,4.118015586,1.05105118,7,24.14,2.44,1.003821444,FALSE
610,611,10.1.1.8,10.1.1.19,41,19,186,234,71,5,FALSE,0,TRUE,1184,64,27.35042735,5.405405405,62,96.88,1,1.56,3.354577547,0.661208257,51,79.69,2.44,2.215330084,FALSE
611,612,10.1.1.8,10.1.1.11,41,5,62,234,29,8,FALSE,0,TRUE,1184,20,8.547008547,1.689189189,19,95,0,0,3.0914754,0.609619261,13,65,2.44,0.692290651,FALSE
612,613,10.1.1.8,10.1.1.21,41,10,104,234,37,1,FALSE,0,TRUE,1184,32,13.67521368,2.702702703,28,87.5,0,0,3.063955,0.507560322,35,109.38,2.44,1.107665042,FALSE
613,614,10.1.1.8,10.1.1.41,41,10,79,234,28,0,TRUE,0,TRUE,1184,20,8.547008547,1.689189189,8,40,0,0,0.49981545,0.060408129,31,155,2.44,0.692290651,FALSE
614,615,10.1.1.8,10.1.1.12,41,7,33,234,0,0,TRUE,0,TRUE,1184,234,100,19.76351351,0,0,234,100,1.951890333,0.623263528,0,0,2.44,8.09980062,TRUE
615,616,10.1.1.8,10.1.1.13,41,4,7,234,4,0,TRUE,0,TRUE,1184,0,0,0,0,,0,,,,3,,2.44,0,FALSE
616,617,10.1.1.9,10.1.1.33,43,31,36,232,15,0,TRUE,0,TRUE,700,17,7.327586207,2.428571429,15,88.24,0,0,4.015861412,1.027065436,4,23.53,2.33,1.042305334,FALSE
617,618,10.1.1.9,10.1.1.9,43,64,112,232,48,1,FALSE,0,TRUE,700,36,15.51724138,5.142857143,27,75,0,0,2.474269,0.405328491,28,77.78,2.33,2.207234825,FALSE
618,619,10.1.1.9,10.1.1.17,43,1,0,232,0,0,TRUE,0,TRUE,700,0,0,0,0,,0,,,,0,,2.33,0,FALSE
619,620,10.1.1.9,10.1.1.49,43,25,58,232,22,0,TRUE,0,TRUE,700,23,9.913793103,3.285714286,23,100,0,0,2.664108957,0.527181183,13,56.52,2.33,1.410177805,FALSE
620,621,10.1.1.9,10.1.1.6,43,50,0,232,0,0,TRUE,0,TRUE,700,0,0,0,0,,0,,,,0,,2.33,0,FALSE
621,622,10.1.1.9,10.1.1.10,43,141,385,232,209,1,FALSE,0,TRUE,700,92,39.65517241,13.14285714,79,85.87,0,0,2.838714478,0.534675272,84,91.3,2.33,5.64071122,FALSE
622,623,10.1.1.9,10.1.1.15,43,9,0,232,0,0,TRUE,0,TRUE,700,0,0,0,0,,0,,,,0,,2.33,0,FALSE
623,624,10.1.1.9,10.1.1.7,43,30,0,232,0,0,TRUE,0,TRUE,700,0,0,0,0,,0,,,,0,,2.33,0,FALSE
624,625,10.1.1.9,10.1.1.14,43,34,0,232,0,0,TRUE,0,TRUE,700,0,0,0,0,,0,,,,0,,2.33,0,FALSE
625,626,10.1.1.9,10.1.1.29,43,72,56,232,30,0,TRUE,0,TRUE,700,8,3.448275862,1.142857143,6,75,0,0,2.509091375,0.336877982,18,225,2.33,0.490496628,FALSE
626,627,10.1.1.9,10.1.1.8,43,65,0,232,0,0,TRUE,0,TRUE,700,0,0,0,0,,0,,,,0,,2.33,0,FALSE
627,628,10.1.1.9,10.1.1.46,43,10,0,232,0,0,TRUE,0,TRUE,700,0,0,0,0,,0,,,,0,,2.33,0,FALSE
628,629,10.1.1.9,10.1.1.36,43,15,0,232,0,0,TRUE,0,TRUE,700,0,0,0,0,,0,,,,0,,2.33,0,FALSE
629,630,10.1.1.9,10.1.1.28,43,40,0,232,0,0,TRUE,0,TRUE,700,0,0,0,0,,0,,,,0,,2.33,0,FALSE
630,631,10.1.1.9,10.1.1.35,43,3,0,232,0,0,TRUE,0,TRUE,700,0,0,0,0,,0,,,,0,,2.33,0,FALSE
631,632,10.1.1.9,10.1.1.26,43,11,0,232,0,0,TRUE,0,TRUE,700,0,0,0,0,,0,,,,0,,2.33,0,FALSE
632,633,10.1.1.9,10.1.1.38,43,66,0,232,0,0,TRUE,0,TRUE,700,0,0,0,0,,0,,,,0,,2.33,0,FALSE
633,634,10.1.1.9,10.1.1.34,43,5,0,232,0,0,TRUE,0,TRUE,700,0,0,0,0,,0,,,,0,,2.33,0,FALSE
634,635,10.1.1.9,10.1.1.5,43,16,28,232,14,0,TRUE,0,TRUE,700,10,4.310344828,1.428571429,9,90,0,0,4.09205,0.904314848,4,40,2.33,0.613120785,FALSE
635,636,10.1.1.9,10.1.1.39,43,22,0,232,0,0,TRUE,0,TRUE,700,0,0,0,0,,0,,,,0,,2.33,0,FALSE
636,637,10.1.1.9,10.1.1.2,43,18,56,232,28,0,TRUE,0,TRUE,700,12,5.172413793,1.714285714,8,66.67,0,0,3.027833167,0.499139518,16,133.33,2.33,0.735744942,FALSE
637,638,10.1.1.9,10.1.1.47,43,22,0,232,0,0,TRUE,0,TRUE,700,0,0,0,0,,0,,,,0,,2.33,0,FALSE
638,639,10.1.1.9,10.1.1.27,43,35,160,232,62,0,TRUE,0,TRUE,700,64,27.5862069,9.142857143,54,84.38,0,0,2.503116969,0.588646717,34,53.12,2.33,3.923973023,FALSE
639,640,10.1.1.9,10.1.1.1,43,15,0,232,0,0,TRUE,0,TRUE,700,0,0,0,0,,0,,,,0,,2.33,0,FALSE
640,641,10.1.1.9,10.1.1.16,43,39,23,232,17,6,FALSE,0,TRUE,700,4,1.724137931,0.571428571,4,100,0,0,3.89223625,0.573601448,2,50,2.33,0.245248314,FALSE
641,642,10.1.1.9,10.1.1.32,43,46,52,232,23,0,TRUE,0,TRUE,700,15,6.465517241,2.142857143,15,100,0,0,1.9744162,0.306080759,14,93.33,2.33,0.919681177,FALSE
642,643,10.1.1.9,10.1.1.18,43,19,0,232,0,0,TRUE,0,TRUE,700,0,0,0,0,,0,,,,0,,2.33,0,FALSE
643,644,10.1.1.9,10.1.1.20,43,17,0,232,0,0,TRUE,0,TRUE,700,0,0,0,0,,0,,,,0,,2.33,0,FALSE
644,645,10.1.1.9,10.1.1.3,43,19,0,232,0,0,TRUE,0,TRUE,700,232,100,33.14285714,0,0,232,100,,,0,0,2.33,14.22440221,TRUE
645,646,10.1.1.9,10.1.1.31,43,9,9,232,2,0,TRUE,0,TRUE,700,3,1.293103448,0.428571429,3,100,0,0,4.518877,0.645553857,4,133.33,2.33,0.183936235,FALSE
646,647,10.1.1.9,10.1.1.4,43,11,34,232,0,0,TRUE,0,TRUE,700,232,100,33.14285714,0,0,232,100,2.792002875,0.576321601,0,0,2.33,14.22440221,TRUE
647,648,10.1.1.9,10.1.1.48,43,19,136,232,52,0,TRUE,0,TRUE,700,60,25.86206897,8.571428571,60,100,0,0,3.62403705,0.621368759,24,40,2.33,3.678724709,FALSE
648,649,10.1.1.9,10.1.1.43,43,5,48,232,29,0,TRUE,0,TRUE,700,16,6.896551724,2.285714286,12,75,0,0,3.447649188,0.662261804,3,18.75,2.33,0.980993256,FALSE
649,650,10.1.1.9,10.1.1.23,43,4,81,232,39,0,TRUE,0,TRUE,700,30,12.93103448,4.285714286,26,86.67,0,0,3.7257454,0.890275497,12,40,2.33,1.839362354,FALSE
650,651,10.1.1.9,10.1.1.24,43,8,204,232,83,1,FALSE,0,TRUE,700,90,38.79310345,12.85714286,85,94.44,0,0,3.763039811,0.727478836,31,34.44,2.33,5.518087063,FALSE
651,652,10.1.1.9,10.1.1.30,43,2,24,232,15,0,TRUE,0,TRUE,700,5,2.155172414,0.714285714,5,100,0,0,3.7020996,0.602182447,4,80,2.33,0.306560392,FALSE
652,653,10.1.1.9,10.1.1.21,43,16,218,232,82,0,TRUE,0,TRUE,700,82,35.34482759,11.71428571,78,95.12,0,0,4.250448171,0.810153658,54,65.85,2.33,5.027590435,FALSE
653,654,10.1.1.9,10.1.1.11,43,10,187,232,106,22,FALSE,0,TRUE,700,42,18.10344828,6,41,97.62,0,0,3.338007452,0.653891652,39,92.86,2.33,2.575107296,FALSE
654,655,10.1.1.9,10.1.1.12,43,4,57,232,0,0,TRUE,0,TRUE,700,232,100,33.14285714,0,0,232,100,1.512891,0.189111375,0,0,2.33,14.22440221,TRUE
655,656,10.1.1.9,10.1.1.19,43,7,128,232,73,10,FALSE,0,TRUE,700,27,11.63793103,3.857142857,27,100,1,3.7,2.992267704,0.555514055,28,103.7,2.33,1.655426119,FALSE
656,657,10.1.1.9,10.1.1.37,43,14,60,232,49,2,FALSE,0,TRUE,700,6,2.586206897,0.857142857,5,83.33,1,16.67,2.577404833,0.236121939,5,83.33,2.33,0.367872471,FALSE
657,658,10.1.1.9,10.1.1.41,43,15,148,232,49,0,TRUE,0,TRUE,700,46,19.82758621,6.571428571,33,71.74,0,0,2.455496565,0.340709191,53,115.22,2.33,2.82035561,FALSE
658,659,10.1.1.9,10.1.1.25,43,8,28,232,19,1,FALSE,0,TRUE,700,3,1.293103448,0.428571429,0,0,0,0,0.0109,0.0109,6,200,2.33,0.183936235,FALSE
